Mã KH,Khách hàng
KH-0001,CÔNG TY TNHH ĐẦU TƯ PHÁT TRIỂN CÔNG NGHỆ BÁCH KHOA
KH-0002,Công ty CP Phát triển Kỹ thuật và Thương mại Tân Đức
KH-0003,NGƯỜI MUA KHÔNG LẤY HÓA ĐƠN
KH-0004,CÔNG TY TNHH PRO ACTIVE GLOBAL VIỆT NAM
KH-0005,Công ty TNHH Công nghệ Ktech
KH-0006,NGÂN HÀNG TMCP Á CHÂU
KH-0007,Công ty TNHH Tích Hợp Hệ thống CMC Sài Gòn
KH-0008,CN Cty TNHH Máy Tính Nét (TP. Hà Nội)
KH-0009,CỬA HÀNG VI TÍNH PHÁT ĐẠT BÌNH DƯƠNG
KH-0010,CN CTY TNHH KDDI VN TẠI TP. HCM
KH-0011,DNTN VŨ CÁNH
KH-0012,CÔNG TY TNHH NAVIC VÀ KUNSHIN VIỆT NAM
KH-0013,CÔNG TY CỔ PHẦN THƯƠNG MẠI VÀ DỊCH VỤ PHÁT TRIỂN CÔNG NGHỆ SÀI GÒN
KH-0014,CTY TNHH SOFTWAREONE VIỆT NAM
KH-0015,CÔNG TY TNHH THƯƠNG MẠI VÀ XUẤT NHẬP KHẨU AN NAM
KH-0016,Văn phòng thường trú Taisei Corporation tại Tp HCM
KH-0017,CÔNG TY TNHH QUẢNG CÁO VÀ TRUYỀN THÔNG THẾ HỆ MỚI
KH-0018,CÔNG TY TNHH TM DV CÔNG NGHỆ MỘT THÀNH VIÊN PHÚ AN
KH-0019,CÔNG TY TNHH DUY NGUYỄN MPS
KH-0020,CTY TNHH TRÚC XUÂN
KH-0021,CÔNG TY CỔ PHẦN GĂNG VIỆT
KH-0022,Khách lẻ
KH-0023,CÔNG TY CỔ PHẦN BỆNH VIỆN MẮT QUỐC TẾ HOÀN MỸ SÀI GÒN
KH-0024,Công Ty TNHH Phần Mềm Kỷ Nguyên Số
KH-0025,CÔNG TY TNHH SOLID & SOFT
KH-0026,CÔNG TY TNHH DGS LOGISTICS
KH-0027,CÔNG TY TNHH GIAO NHẬN KỶ OAI RỒNG CHI NA
KH-0028,CÔNG TY TNHH ALTUS GROUP (VIỆT NAM)
KH-0029,CÔNG TY TNHH SHOWA BRAIN NAVI VIỆT NAM
KH-0030,Công ty TNHH TM DV Thiết bị số Huy Phát
KH-0031,Công ty TNHH Winning Access Property Việt Nam
KH-0032,CÔNG TY TNHH MAINETTI (VIỆT NAM)
KH-0033,CÔNG TY TNHH CƠ KHÍ MINH ĐỨC
KH-0034,CÔNG TY TNHH CBRE (VIỆT NAM)
KH-0035,CÔNG TY TNHH THƯƠNG MẠI TỔNG HỢP LONG SƠN
KH-0036,CÔNG TY TNHH TIN HỌC VIỄN THÔNG VINAFORE
KH-0037,CHI NHÁNH CÔNG TY TNHH MỘT THÀNH VIÊN THIẾT BỊ TIN HỌC AN PHÚ
KH-0038,CÔNG TY TNHH EPSON VIỆT NAM
KH-0039,NGÂN HÀNG THƯƠNG MẠI CỔ PHẦN BẢN VIỆT
KH-0040,CÔNG TY TNHH KỸ THUẬT VÀ CÔNG NGHỆ MINH ANH
KH-0041,Công ty Luật TNHH GRUENKORN & PARTNER
KH-0042,CÔNG TY LUẬT TNHH QUỐC TẾ VIỆT NAM (VILAF – HỒNG ĐỨC)
KH-0043,CÔNG TY  TNHH  TM DV  TRANG THIẾT BỊ Y TẾ TPT MIỀN NAM
KH-0044,CÔNG TY TRÁCH NHIỆM HỮU HẠN ORGANO VIỆT NAM
KH-0045,CÔNG TY TRÁCH NHIỆM HỮU HẠN  NTT DATA VIỆT NAM
KH-0046,CÔNG TY CỔ PHẦN XÂY DỰNG THƯƠNG MẠI VÀ DỊCH VỤ ACT
KH-0047,CÔNG TY TNHH THƯƠNG MẠI DỊCH VỤ TIN HỌC VIỄN THÔNG THỊNH PHÁT
KH-0048,CÔNG TY TNHH TƯ VẤN THIẾT KẾ TUỆ QUANG PT
KH-0049,CÔNG TY TNHH WINS SOFT
KH-0050,CÔNG TY TNHH AMOREPACIFIC VIỆT NAM
KH-0051,CÔNG TY TNHH GIẢI PHÁP TÍCH HỢP HỆ THỐNG H.N.T.C
KH-0052,CÔNG TY CỔ PHẦN SAO VIỆT
KH-0053,CÔNG TY TNHH SẢN XUẤT THƯƠNG MẠI DỊCH VỤ IN CHUYỂN KTK
KH-0054,Công Ty TNHH Thương Mại Dịch Vụ ICT Sài Gòn
KH-0055,Công ty TNHH MTV Bluzen Vina
KH-0056,Chi nhánh tại TP.HCM Công ty TNHH Hệ thống Thông tin Ngân hàng Tài chính FPT (TP.HN)
KH-0057,CÔNG TY TRÁCH NHIỆM HỮU HẠN FM SUPPLY CHAIN VIỆT NAM
KH-0058,CÔNG TY TNHH MONACO HEALTHCARE
KH-0059,Công ty TNHH PMAS
KH-0060,Công ty TNHH MTV Thương mại và Dịch vụ ELITE
KH-0061,CÔNG TY TNHH THƯƠNG MẠI DỊCH VỤ VI TÍNH SAO MAI
KH-0062,Công Ty TNHH GreyStones Data Systems Việt Nam
KH-0063,Công ty TNHH MTV CK KT Trí Trung
KH-0064,LIÊN DANH NK-JIC-PBJ-JTC-TEC-TEDI SOUTH - TRICC
KH-0065,CÔNG TY TNHH BONFIGLIOLI VIỆT NAM
KH-0066,CÔNG TY TNHH CÔNG NGHỆ G7
KH-0067,Công ty TNHH KAHOKU LIGHTING SOLUTIONS Việt Nam
KH-0068,CÔNG TY TNHH GROOVE TECHNOLOGY VIETNAM
KH-0069,CÔNG TY CỔ PHẦN THƯƠNG MẠI NAM THIÊN Á
KH-0070,CÔNG TY TNHH THƯƠNG MẠI NGỌC THIÊN BẢO
KH-0071,CÔNG TY TNHH SANCOH VIỆT NAM
KH-0072,Chi nhánh tại TP.Hồ Chí Minh Công ty TNHH Hệ thống thông tin FPT (TP. Hà Nội)
KH-0073,Công ty cổ phần Công nghệ trực tuyến Tầm Nhìn Việt
KH-0074,Công ty TNHH Khu dân cư LeadGroup
KH-0075,Công ty TNHH METKRAFT
KH-0076,CÔNG TY TNHH MITRA ADIPERKASA VIỆT NAM
KH-0077,CÔNG TY TNHH DÂY CÁP ĐIỆN TAI SIN (VN)
KH-0078,Công ty TNHH Dịch vụ Thắng Lợi
KH-0079,CÔNG TY TNHH AYTEC VIỆT NAM
KH-0080,CÔNG TY TNHH THƯƠNG MẠI DỊCH VỤ NOZV VIỆT NAM
KH-0081,CÔNG TY TNHH  SYSONE
KH-0082,CÔNG TY CỔ PHẦN GIẢI PHÁP CÔNG NGHỆ NÉT SỐ
KH-0083,Công ty TNHH YKK Việt Nam
KH-0084,CÔNG TY TNHH TỔ HỢP NHẤT VIỆT
KH-0085,CÔNG TY TNHH MỘT THÀNH VIÊN SẢN XUẤT THỨC ĂN CHĂN NUÔI BÌNH MINH
KH-0086,CÔNG TY TNHH XÂY DỰNG VÀ KINH DOANH NHÀ ĐIỀN PHÚC THÀNH
KH-0087,CÔNG TY TNHH THIẾT BỊ ĐO LƯỜNG VÀ ĐIỀU KHIỂN ĐẠI VIỆT
KH-0088,Công ty TNHH Công Nghệ Thông Tin Chân Trời Sáng
KH-0089,Công ty TNHH MTV K-Tech
KH-0090,CÔNG TY TNHH YOUYOUWINGS
KH-0091,CÔNG TY CP CÔNG NGHỆ TIÊN PHONG
KH-0092,Công ty TNHH thương mại và dịch vụ Song Linh
KH-0093,CTY TNHH CÔNG NGHỆ VÀ PHẦN MỀM NAM Á
KH-0094,Công ty TNHH Shiseido Việt Nam
KH-0095,CÔNG TY CP HỆ THỐNG CÔNG NGHỆ ÁNH LAM
KH-0096,CHI NHÁNH CÔNG TY TNHH MTV - TỔNG CÔNG TY PHÁT ĐIỆN 3 - CÔNG TY DỊCH VỤ SỬA CHỮA CÁC NHÀ MÁY ĐIỆN
KH-0097,Công ty TNHH Đặc Rạng Việt Nam.
KH-0098,Công ty TNHH Schenker Việt Nam
KH-0099,CÔNG TY TNHH YKK AP FACADE VIỆT NAM
KH-0100,CÔNG TY CỔ PHẦN KIẾN TRÚC VÀ THƯƠNG MẠI NSP VIỆT NAM
KH-0101,Công Ty TNHH Fairfield Việt Nam
KH-0102,CÔNG TY CỔ PHẦN THẾ GIỚI SỐ
KH-0103,Công ty CP Phát triển Điện lực Thăng Long
KH-0104,CÔNG TY TNHH VINA-CPK
KH-0105,Công Ty TNHH Jang Won Tech Vina
KH-0106,Công Ty TNHH Thương Mại Dịch Vụ Viết Quang
KH-0107,CÔNG TY TNHH TRẦN VIỆT PHÁT
KH-0108,CÔNG TY CỔ PHẦN TẬP ĐOÀN TRUNG NGUYÊN
KH-0109,CÔNG TY TNHH MỘT THÀNH VIÊN HIỆP THỊNH
KH-0110,CÔNG TY CỔ PHẦN CÔNG NGHỆ ĐẠI TRẦN GIA
KH-0111,Công ty Cổ phần Tiến Bộ Quốc Tế
KH-0112,Công ty TNHH Thương mại Kỹ thuật Tin học Anh Ngọc
KH-0113,CÔNG TY TNHH TIẾP VẬN KINTETSU VIỆT NAM
KH-0114,CÔNG TY TNHH MỘT THÀNH VIÊN KHÁCH SẠN SUNWAY HÀ NỘI
KH-0115,Công ty cổ phần Ipos.vn
KH-0116,Văn phòng Đại diện công ty Taisei tại Hà Nội
KH-0117,Công ty Cổ phần Đàug Tư Công nghệ STI
KH-0118,CÔNG TY CỔ PHẦN PIN HÀ NỘI
KH-0119,Công ty TNHH Sinh Nam
KH-0120,Công ty TNHH thương mại kỹ thuật Hải Quang
KH-0121,Công ty TNHH IKO THOMPSON VIỆT NAM
KH-0122,Công ty TNHH TotalGaz Việt Nam
KH-0123,CÔNG TY TNHH GIẢI PHÁP CÔNG NGHỆ HOÀN HẢO
KH-0124,Công Ty Cổ Phần Điện Ii
KH-0125,Công Ty Cổ Phần Thương Mại Và Phát Triển Kỹ Thuật Cao Vihoth
KH-0126,Công ty TNHH Dịch Vụ Tin Học Rồng Việt
KH-0127,Công ty cổ phần phân phối và bán lẻ BT
KH-0128,Công ty Công nghệ thông tin Điện lực miền Bắc.
KH-0129,Công Ty TNHH Cpro Việt Nam
KH-0130,Công ty TNHH Deloitte Việt Nam
KH-0131,CÔNG TY CỔ PHẦN SONGWOL VINA
KH-0132,Bảo hiểm xã hội tỉnh Hà Giang
KH-0133,CÔNG TY CỔ PHẦN KIẾN TRÚC ĐỒNG NHÂN
KH-0134,Công ty TNHH Nông Lâm Sản Tiên Phước
KH-0135,Công ty TNHH EAGLE ONE ENTERPRISE
KH-0136,Công ty cổ phần SRP
KH-0137,CÔNG TY TNHH PHÂN PHỐI SYNNEX FPT
KH-0138,Công ty TNHH giải pháp công trường xây dựng Doosan Việt Nam
KH-0139,Công Ty TNHH Xây Dựng Sandstone
KH-0140,CÔNG TY TNHH DỊCH VỤ TIN HỌC FPT
KH-0141,CÔNG TY CỔ PHẦN TRUNG VIỆT HƯNG
KH-0142,Công ty cổ phần Act Brain Việt Nam
KH-0143,CÔNG TY CP VI TÍNH MEKONG
KH-0144,CÔNG TY CỔ PHẦN THƯƠNG MẠI DỊCH VỤ PHÚ SINH KIM
KH-0145,NGÂN HÀNG TMCP SÀI GÒN - HÀ NỘI
KH-0146,LIÊN ĐOÀN BÓNG ĐÁ NAUY
KH-0147,Công TY TNHH Công nghệ Nettop Việt Nam
KH-0148,Công Ty TNHH Sojitz Viet Nam
KH-0149,CÔNG TY CỔ PHẦN ZAKKA
KH-0150,CÔNG TY TNHH THƯƠNG MẠI VÀ PHÁT TRIỂN CÔNG NGHỆ AE VIỆT NAM
KH-0151,Công Ty Cổ Phần Style Stone
KH-0152,CÔNG TY CỔ PHẦN THÁI MINH
KH-0153,Công Ty CP Công Nghệ Kỹ Thuật Số - HiTD
KH-0154,CÔNG TY CỔ PHẦN THIẾT BỊ CÔNG NGHIỆP VÀ CHUYỂN GIAO CÔNG NGHỆ VIỆT THẮNG
KH-0155,Nhà máy sữa đậu nành Việt Nam Vinasoy - Chi nhánh Công ty Cổ phần Đường Quảng Ngãi
KH-0156,Công ty TNHH Xây dựng C.A.D
KH-0157,CÔNG TY TNHH YOUNGONE NAM ĐỊNH
KH-0158,Chi Nhánh công ty TNHH Em-Tech Việt Nam tại Nghệ An
KH-0159,Chi nhánh Công ty TNHH Bơm EBARA Việt Nam tại Hà Nội
KH-0160,CÔNG TY TNHH CÔNG NGHỆ CAO BÁCH KHOA
KH-0161,Công Ty TNHH Bao Bì MM Vidon
KH-0162,Công Ty TNHH Menkar
KH-0163,Công ty TNHH Một Thành Viên Việt Giay
KH-0164,TRƯỜNG TIỂU HỌC DÂN LẬP VIỆT MỸ
KH-0165,TRƯỜNG THCS VIỆT MỸ
KH-0166,CÔNG TY TNHH CÔNG NGHỆ 360 VIỆT NAM
KH-0167,CÔNG TY TNHH MỘT THÀNH VIÊN TÍN PHÁT COMPUTER
KH-0168,CÔNG TY CỔ PHẦN GIẢI PHÁP CÔNG NGHỆ THÔNG TIN VIỆT NAM
KH-0169,CÔNG TY TNHH THƯƠNG MẠI KẾT NỐI AN TOÀN
KH-0170,Công ty TNHH Pacisoft Việt Nam
KH-0171,CÔNG TY TNHH MÁY TÍNH ĐỨC AN
KH-0172,Công ty TNHH Silver Heritage Việt Nam.
KH-0173,CÔNG TY CỔ PHẦN TÍCH HỢP GIẢI PHÁP KST
KH-0174,CÔNG TY TNHH GIẢI PHÁP AN NINH KẾT NỐI CÔNG NGHỆ CAO
KH-0175,CÔNG TY CỔ PHẦN DỊCH VỤ CÔNG NGHỆ TSC VIỆT NAM
KH-0176,CÔNG TY TNHH KDDI VIỆT NAM
KH-0177,CÔNG TY VNPT GLOBAL HK LTD
KH-0178,CÔNG TY TNHH MỘT THÀNH VIÊN XĂNG DẦU BẾN TRE
KH-0179,CÔNG TY TNHH GIANG KHÁNH VINH
KH-0180,Công Ty TNHH Draeger Việt Nam
KH-0181,Công ty TNHH Thakral One – Chi nhánh tại Hà Nội
KH-0182,CÔNG TY TNHH  MỘT THÀNH VIÊN THƯƠNG MẠI VÀ DỊCH VỤ THỊNH PHÁT COMPUTER
KH-0183,CÔNG TY CỔ PHẦN TRIHAN
KH-0184,Chi nhánh Công ty cổ phần kho vận Jupiter Việt Nam tại Hà Nội
KH-0185,Chi nhánh công ty cổ phần giao nhận hàng hoá JUPITER- PACIFIC tại thành phố Hà Nội
KH-0186,CÔNG TY TNHH OVI CABLES (VIỆT NAM)
KH-0187,CÔNG TY CỔ PHẦN ĐIỆN LỰC KHÁNH HÒA
KH-0188,Công ty TNHH công nghiệp ADCEL Việt Nam
KH-0189,CÔNG TY CỔ PHẦN DỊCH VỤ BẢO VỆ ALSOK VIỆT NAM
KH-0190,Công ty TNHH Công nghệ Info Việt Nam
KH-0191,CÔNG TY TNHH VIETTEL - CHT
KH-0192,HỢP TÁC XÃ MÂY TRE LÁ BA NHẤT
KH-0193,CÔNG TY TNHH THƯƠNG MẠI QUỐC TẾ TIẾN THÀNH
KH-0194,CÔNG TY TNHH ESOFTFLOW
KH-0195,CÔNG TY TNHH FUJI SEAL VIỆT NAM
KH-0196,CÔNG TY CP MÁY TÍNH – TRUYỀN THÔNG- ĐIỀU KHIỂN 3C
KH-0197,CÔNG TY TNHH IMAX
KH-0198,CÔNG TY TNHH CÔNG TY KHAI THÁC ĐÁ VÔI YABASHI VIỆT NAM
KH-0199,CÔNG TY CỔ PHẦN REECOM GROUP
KH-0200,CÔNG TY TNHH PHÁT TRIỂN NAM HỘI AN
KH-0201,CÔNG TY TNHH SHIFT ASIA
KH-0202,Công ty CP Giải pháp Siêu Việt
KH-0203,Công Ty TNHH ENKEI Việt Nam
KH-0204,CÔNG TY CỔ PHẦN DFM-ENGINEERING
KH-0205,CÔNG TY TNHH THIẾT BỊ PHỤ TÙNG CÔNG NGHIỆP VIỆT NAM
KH-0206,CÔNG TY TNHH THƯƠNG MẠI DỊCH VỤ VÀ DU LỊCH SONG ANH
KH-0207,CÔNG TY TNHH CÔNG NGHIỆP FULLWEI VIỆT NAM
KH-0208,CÔNG TY TNHH THIẾT BỊ IN SPM
KH-0209,VĂN PHÒNG ĐĂNG KÝ ĐẤT ĐAI TỈNH BẮC NINH
KH-0210,CÔNG TY TNHH MẠNG THÔNG TIN PHẲNG
KH-0211,CÔNG TY TNHH KONDO TEKKO VIỆT NAM
KH-0212,CÔNG TY TNHH DONGSUNG VINA
KH-0213,CÔNG TY CỔ PHẦN CÔNG NGHỆ & KHOA HỌC SÔNG HỒNG
KH-0214,CÔNG TY CỔ PHẦN ĐẤT HIẾM VIỆT NAM
KH-0215,CÔNG TY CỔ PHẦN PHẦN MỀM QUẢN LÝ DOANH NGHIỆP
KH-0216,CÔNG TY TRÁCH NHIỆM HỮU HẠN INOAC VIỆT NAM
KH-0217,CÔNG TY TNHH THƯƠNG MẠI VÀ DỊCH VỤ DDN
KH-0218,CÔNG TY CỔ PHẦN TƯ VẤN VÀ DỊCH VỤ CÔNG NGHỆ THÔNG TIN KINH DOANH MẠNG LƯỚI CÔNG NGHỆ CAO
KH-0219,ASPEN RESOURCES PTE LTD
KH-0220,CÔNG TY TNHH BAO BÌ NEXGEN VIỆT NAM
KH-0221,CÔNG TY TNHH THƯƠNG MẠI VÀ DỊCH VỤ TIN HỌC KHÁNH PHƯƠNG
KH-0222,CÔNG TY CỔ PHẦN I.P.L
KH-0223,CÔNG TY TNHH THÀNH LỢI
KH-0224,Chi nhánh Công Ty TNHH Mazars Việt Nam Tại Hà Nội
KH-0225,CÔNG TY TNHH BƠM EBARA VIỆT NAM
KH-0226,CÔNG TY TNHH BR24 VIETNAM
KH-0227,CÔNG TY TNHH CANON MARKETING VIỆT NAM
KH-0228,CÔNG TY CỔ PHẦN DỊCH VỤ HÀNG HÓA NỘI BÀI
KH-0229,CÔNG TY CỔ PHẦN VIỄN THÔNG GIANG NAM
KH-0230,Công ty TNHH Thương mại Dịch vụ Xuất nhập khẩu Khôi Nguyên
KH-0231,CÔNG TY CỔ PHẦN CAO SU SAO VÀNG
KH-0232,CÔNG TY TNHH MỘT THÀNH VIÊN ESPERSEN VIỆT NAM
KH-0233,CÔNG TY TNHH VIỆT PAN - PACIFIC THANH HÓA
KH-0234,Công Ty TNHH Umec Việt Nam
KH-0235,CÔNG TY CỔ PHẦN CÔNG NGHỆ MÁY TÍNH VÀ KIẾN TRÚC HÀ NỘI
KH-0236,CÔNG TY CỔ PHẦN CÔNG NGHỆ THIÊN VẬN
KH-0237,CÔNG TY CỔ PHẦN ĐẦU TƯ PHÁT TRIỂN CÔNG NGHỆ ỨNG DỤNG TOÀN CẦU
KH-0238,CÔNG TY TNHH PHẦN MỀM FPT
KH-0239,CỔNG THÔNG TIN ĐIỆN TỬ NGHỆ AN
KH-0240,Công ty TNHH Extrans Việt Nam
KH-0241,Công ty TNHH May Xuất Nhập Khẩu Đức Thành 3
KH-0242,CÔNG TY CỔ PHẦN HÃNG SƠN ĐÔNG Á
KH-0243,CÔNG TY TNHH CÔNG NGHỆ THÔNG TIN VIỆT SAO
KH-0244,CÔNG TY CỔ PHẦN THƯƠNG MẠI VÀ XUẤT NHẬP KHẨU HSC39
KH-0245,CÔNG TY TNHH HONDA TRADING VIỆT NAM
KH-0246,CÔNG TY TNHH THƯƠNG MẠI VÀ DỊCH VỤ MITU
KH-0247,Công ty CP Dịch vụ Công nghệ Tin học HPT
KH-0248,CÔNG TY CỔ PHẦN DƯỢC PHA NAM
KH-0249,CHI NHÁNH CSP LEGAL LLC TẠI HÀ NỘI
KH-0250,CÔNG TY TNHH MỘT THÀNH VIÊN KARCHER
KH-0251,CÔNG TY TNHH NETMARKS VIỆT NAM
KH-0252,CÔNG TY TNHH MOBILE MAPPING VIỆT NAM
KH-0253,CÔNG TY TNHH MỘT THÀNH VIÊN THỰC PHẨM PHÚC LỘC THỌ
KH-0254,CÔNG TY TNHH LG ELECTRONICS VIỆT NAM HẢI PHÒNG
KH-0255,"ACE TECH Co., Ltd"
KH-0256,Công Ty Cổ Phần Chăm Sóc Công Nghệ Thông Tin
KH-0257,CÔNG TY CỔ PHẦN CÔNG NGHỆ BNH VIỆT NAM
KH-0258,CÔNG TY CỔ PHẦN THƯƠNG MẠI QUỐC TẾ HOÀN CẦU
KH-0259,KRYSTAD CONSULT
KH-0260,CÔNG TY TNHH VALQUA VIỆT NAM
KH-0261,Cục đăng kiểm Việt Nam
KH-0262,CÔNG TY CỔ PHẦN CÔNG NGHỆ TÂM HỢP NHẤT
KH-0263,Công ty TNHH Thịnh Phát Auto
KH-0264,NGÂN HÀNG THƯƠNG MẠI CỔ PHẦN VIỆT NAM THỊNH VƯỢNG
KH-0265,CÔNG TY CỔ PHẦN FOODY
KH-0266,CÔNG TY CỔ PHẦN CÔNG NGHỆ BÌNH MINH
KH-0267,Khách hàng mua lẻ-Giao hàng thu tiền ngay
KH-0268,Công ty TNHH Netika Business Solution Việt Nam
KH-0269,Công ty TNHH Quốc tế Delta
KH-0270,CÔNG TY TNHH GEROC
KH-0271,CÔNG TY TNHH ĐẦU TƯ PHÁT TRIỂN CÔNG NGHỆ VÀ THƯƠNG MẠI TRÚC VÂN
KH-0272,Công ty Cổ Phần Thiết Bị Máy Tính An Phú Hưng
KH-0273,CÔNG TY CỔ PHẦN CÔNG NGHỆ SOTA VIỆT NAM
KH-0274,CÔNG TY TRÁCH NHIỆM HỮU HẠN IMG VIỆT NAM
KH-0275,CÔNG TY CP IN MINH PHƯƠNG
KH-0276,Công ty TNHH Thương mại dịch vụ Triparest
KH-0277,BƯU ĐIỆN TỈNH SƠN LA
KH-0278,CÔNG TY CỔ PHẦN TẬP ĐOÀN C.E.O
KH-0279,Công Ty TNHH Yoosung KN Việt Nam
KH-0280,CÔNG TY TNHH DỊCH VỤ THƯƠNG MẠI KHO ĐỎ
KH-0281,CÔNG TY TNHH BOTANICAL COSMETIC
KH-0282,CÔNG TY TNHH SIÊU SIÊU NHỎ
KH-0283,CÔNG TY CỔ PHẦN ĐẦU TƯ SMART FUN
KH-0284,CÔNG TY TNHH BESTPLANT
KH-0285,CÔNG TY TNHH THÔNG TIN NTT (VIỆT NAM)
KH-0286,CÔNG TY TNHH DAN TI
KH-0287,CÔNG TY TNHH NAM&CO LONDON
KH-0288,CÔNG TY CỔ PHẦN DỊCH VỤ GIẢI PHÁP CÔNG NGHỆ MẠNG 10
KH-0289,CÔNG TY TNHH SỮA CHO TƯƠNG LAI
KH-0290,CÔNG TY CỔ PHẦN ĐIỆN VÀ CHIẾU SÁNG AN PHÚ
KH-0291,CHI NHÁNH CÔNG TY TNHH ĐẦU TƯ BẤT ĐỘNG SẢN HÒA BÌNH - KHÁCH SẠN NOVOTEL SUITES HÀ NỘI
KH-0292,CÔNG TY TNHH CƠ ĐIỆN LẠNH - THƯƠNG MẠI HÒA BÌNH
KH-0293,Công ty TNHH Công nghiệp nặng Doosan Việt Nam
KH-0294,Ngân Hàng Thương Mại Cổ Phần Kỹ Thương Việt Nam
KH-0295,Công Ty Cổ Phần Công Nghệ Sao Bắc Đẩu
KH-0296,Chi Nhánh CTy TNHH CARGILL Việt Nam  tại Hưng yên
KH-0297,Công ty TNHH Quảng cáo Duy Nguyên
KH-0298,Công Ty Cổ Phần Thương Mại Và Công Nghệ Thông Tin Tân Việt
KH-0299,CÔNG TY CỔ PHẦN THƯƠNG MẠI VÀ DU LỊCH TẦM NHÌN VIỆT
KH-0300,CÔNG TY CỔ PHẦN SẢN XUẤT VÀ THƯƠNG MẠI ĐIỆN BÌNH SƠN
KH-0301,Công Ty TNHH Một Thành Viên Techcoms
KH-0302,Công ty Cổ Phần Visco
KH-0303,Công ty cổ phần 3B
KH-0304,Công Ty Cổ Phần Đầu Tư Xây Dựng Thương Mại Công Nghệ Thăng Long
KH-0305,Phòng Tài Vụ - Viện Quy Hoạch Thủy Lợi
KH-0306,TRUNG TÂM PHÁT TRIỂN THƯƠNG MẠI ĐIỆN TỬ
KH-0307,NGÂN HÀNG HỢP TÁC XÃ VIỆT NAM
KH-0308,Công ty TNHH Medikit Việt Nam
KH-0309,Công Ty TNHH Thương Mại Hoàng Phát
KH-0310,Công ty Cổ phần Sản xuất và Dịch vụ Máy tính 3C
KH-0311,Công ty TNHH Thương mại và xuất nhập khẩu D&C Việt Nam
KH-0312,CÔNG TY CỔ PHẦN CÔNG NGHỆ VÀ TRUYỀN THÔNG TECCOM
KH-0313,CÔNG TY TNHH QUẢN LÝ XÂY DỰNG VINCOM 1
KH-0314,Công ty TNHH Đầu tư xây dựng và thương mại Ngãi Cầu
KH-0315,Công Ty TNHH thương mại kỹ thuật Thiên Phú
KH-0316,CÔNG TY TNHH CÔNG NGHỆ ĐỘT DẬP MOCHIZUKI VIỆT NAM
KH-0317,Công ty TNHH Dịch Vụ Số Hợp Quân
KH-0318,Công ty TNHH Ogishi Việt Nam
KH-0319,CÔNG TY CỔ PHẦN VIỆT NGA
KH-0320,CHI NHÁNH CÔNG TY TNHH TODA VIỆT NAM TẠI HÀ NỘI
KH-0321,CÔNG TY TNHH DỊCH VỤ THƯƠNG MẠI TRANG NHI
KH-0322,CÔNG TY TNHH VIETNAM JINTUO ELECTRONICS
KH-0323,CÔNG TY TNHH MTV THƯƠNG MẠI ITCG VIỆT NAM
KH-0324,Công ty CP Đầu tư và Phát triển Đô thị Việt Hưng
KH-0325,CÔNG TY TNHH CÔNG TRÌNH CẤP THOÁT NƯỚC & HẠ TẦNG ĐÔ THỊ M.A.T
KH-0326,CÔNG TY TNHH TƯ VẤN MRI
KH-0327,CÔNG TY TRÁCH NHIỆM HỮU HẠN DIGITAL DAESUNG VIỆT NAM
KH-0328,CÔNG TY TNHH POWER LOGICS VINA
KH-0329,CÔNG TY CỔ PHẦN QUỐC TẾ WORLD STAR
KH-0330,CÔNG TY CỔ PHẦN TẬP ĐOÀN VBCC
KH-0331,CHI NHÁNH MIỀN TRUNG CÔNG TY CỔ PHẦN TU BỔ DI TÍCH TW-VINAREMON
KH-0332,CÔNG TY TNHH PIN GP (VIỆT NAM)
KH-0333,CÔNG TY TNHH THỜI TRANG STAR
KH-0334,CÔNG TY CỔ PHẦN TƯ VẤN XÂY DỰNG CẢNG - ĐƯỜNG THUỶ
KH-0335,CÔNG TY TNHH NISSHO ELECTRONICS VIỆT NAM
KH-0336,CÔNG TY TNHH DỊCH VỤ VÀ THƯƠNG MẠI VIETSUN
KH-0337,CÔNG TY CỔ PHẦN HỒNG LAM
KH-0338,CÔNG TY CỔ PHẦN PHÁT TRIỂN NGUỒN NHÂN LỰC THÁI SƠN
KH-0339,CÔNG TY TNHH CÔNG NGHỆ VÀ GIẢI PHÁP THÔNG MINH
KH-0340,CÔNG TY TNHH KỸ NGHỆ BANICO
KH-0341,Công Ty Cổ Phần YoTek
KH-0342,CÔNG TY CỔ PHẦN BÁCH TOÀN
KH-0343,TỔNG CÔNG TY CỔ PHẦN BIA- RƯỢU- NƯỚC GIẢI KHÁT HÀ NỘI
KH-0344,CÔNG TY CỔ PHẦN TƯ VẤN  QUẢN TRỊ DOANH NGHIỆP TINH VÂN
KH-0345,CÔNG TY TNHH HJC VINA
KH-0346,CÔNG TY CP - TẬP ĐOÀN THAIGROUP
KH-0347,Tổng cục hậu cần - Bộ quốc phòng
KH-0348,CÔNG TY CỔ PHẦN ỨNG DỤNG VÀ PHÁT TRIỂN CÔNG NGHỆ THÔNG TIN
KH-0349,Công Ty TNHH Thiết Bị Tin Học Vinatech
KH-0350,BAN PHÁT TRIỂN CỘNG ĐỒNG XÃ VÂN THANH
KH-0351,CÔNG TY CỔ PHẦN XÂY LẮP VÀ ĐIỆN NƯỚC QUANG MINH
KH-0352,CÔNG TY TNHH THÁI HOA ĐÔ
KH-0353,CÔNG TY TNHH THƯƠNG MẠI & ĐẦU TƯ CÔNG NGHỆ PHƯỢNG HOÀNG
KH-0354,TRUNG TÂM ĐĂNG KIỂM XE CƠ GIỚI 98-02D-CNHTXĐTXDQL VÀ KT CHỢ HẢI AN TẠI TPBG
KH-0355,Công Ty TNHH Một Thành Viên Điện Tử Tin Học MHQ
KH-0356,Công ty Cổ Phần Giải Pháp Tech Vietnam
KH-0357,CÔNG TY CỔ PHẦN DỊCH VỤ VĂN PHÒNG BẮC HÀ
KH-0358,Công ty TNHH KSS Việt Nam
KH-0359,CÔNG TY CỔ PHẦN PHÁT TRIỂN DỊCH VỤ AN LỘC
KH-0360,"Hợp tác xã đầu tư, xây dựng, quản lý và khai thác chợ Hải An"
KH-0361,CÔNG TY TNHH THƯƠNG MẠI ĐIỆN TỬ BẢO GIANG
KH-0362,VĂN PHÒNG CÔNG CHỨNG NGUYỄN VĂN THU
KH-0363,Công ty TNHH Công Nghệ Phần Mềm TOP Việt Nam
KH-0364,CÔNG TY TNHH HỆ THỐNG MỚI VIỆT NAM
KH-0365,CÔNG TY CỔ PHẦN CÔNG NGHỆ VÀ TIN HỌC EST
KH-0366,Công ty Cổ Phần Đầu tư và Phát triển nhà Hà Nội số 52
KH-0367,CÔNG TY TNHH CÔNG NGHỆ VÀ TRUYỀN THÔNG AN MA VIỆT NAM
KH-0368,CÔNG TY CỔ PHẦN BELLSYSTEM24-HOASAO
KH-0369,CÔNG TY TNHH THƯƠNG MẠI VÀ ĐẦU TƯ PHÁT TRIỂN CÔNG NGHỆ
KH-0370,VĂN PHÒNG ĐẠI DIỆN NGÂN HÀNG TNHH CTBC TẠI HÀ NỘI
KH-0371,CÔNG TY TNHH MAXPORT LIMITED (VIET NAM)
KH-0372,CÔNG TY TNHH CÔNG NGHỆ PHẨM BA ĐÌNH
KH-0373,CÔNG TY CP THỦY ĐIỆN LEADER NAM TIẾN
KH-0374,CÔNG TY CỔ PHẦN A B PHÚ QUỐC
KH-0375,CHI NHÁNH CÔNG TY TNHH TƯ VẤN KỸ THUẬT TIN HỌC VÀ THƯƠNG MẠI VIỆT C.A.D
KH-0376,CÔNG TY CỔ PHẦN BLUESOFTS
KH-0377,CÔNG TY TNHH ĐIỆN GIÓ CHÍNH THẮNG
KH-0378,CÔNG TY CỔ PHẦN ADVANTECH VIỆT NAM TECHNOLOGY
KH-0379,CÔNG TY TNHH CÔNG NGHỆ THÔNG TIN VIỆT NAM SƠN
KH-0380,CÔNG TY CỔ PHẦN KỸ THUẬT CMP
KH-0381,CÔNG TY TNHH THIẾT BỊ NỘI THẤT CAO CẤP
KH-0382,CÔNG TY TNHH TÍN BẢO LAN
KH-0383,CÔNG TY TNNHH KỸ THUẬT BỀN VỮNG VIỆT NAM
KH-0384,CÔNG TY CỔ PHẦN CÔNG NGHỆ VÀ DỊCH VỤ MÁY CHỦ MINH CHÂU
KH-0385,CÔNG TY TNHH INSIGHT TECHNOLOGY VIỆT NAM
KH-0386,CÔNG TY LIÊN DOANH Y HỌC VIỆT - HÀN
KH-0387,Công ty TNHH dịch vụ công nghệ phát triển bền vững và quản lý năng lượng
KH-0388,Công ty cổ phần tư vấn thiết kế điện Long Giang
KH-0389,CÔNG TY TNHH HỆ THỐNG TRUYỀN TẢI VÀ PHÂN PHỐI TOSHIBA (VIỆT NAM)
KH-0390,CÔNG TY TRÁCH NHIỆM HỮU HẠN TIẾP VẬN THĂNG LONG
KH-0391,CÔNG TY CỔ PHẦN XÂY DỰNG VÀ ĐẦU TƯ THƯƠNG MẠI HOÀNG HÀ
KH-0392,Học Viện Khoa Học Xã Hội
KH-0393,CÔNG TY TNHH TƯ VẤN GIẢI PHÁP VÀ ĐÀO TẠO CÔNG NGHỆ THÔNG TIN DIPT
KH-0394,Chi nhánh công ty cổ phần Logistics Vinalink
KH-0395,Công Ty TNHH Framas HaNoi
KH-0396,CÔNG TY TNHH FRAMGIA VIỆT NAM
KH-0397,TRUNG TÂM TIN HỌC- BỘ KHOA HỌC CÔNG NGHỆ
KH-0398,CÔNG TY TNHH CÔNG NGHỆ PHẦN MỀM SAO VIỆT
KH-0399,Công Ty TNHH Sao Đỏ Việt Nam
KH-0400,CÔNG TY CỔ PHẦN THƯƠNG MẠI MÁY CHỦ HÀ NỘI
KH-0401,Công ty TNHH Fujitsu Việt Nam
KH-0402,CÔNG TY TNHH PHẦN MỀM CHẤT LƯỢNG
KH-0403,TRUNG TÂM HẠ TẦNG THÔNG TIN TỈNH PHÚC
KH-0404,CÔNG TY CỔ PHẦN TÍCH HỢP HỆ THỐNG THÔNG TIN 3CSI
KH-0405,CÔNG TY CỔ PHẦN HYUNDAI THÀNH CÔNG VIỆT NAM
KH-0406,CHI NHÁNH - CÔNG TY TNHH MỘT THÀNH VIÊN VIỄN THÔNG QUỐC TẾ FPT
KH-0407,CÔNG TY CỔ PHẦN CÔNG NGHỆ THÔNG TIN NAM Á
KH-0408,CÔNG TY CỔ PHẦN CÔNG NGHỆ THƯƠNG MẠI DỊCH VỤ VIETSTARS
KH-0409,CÔNG TY CỔ PHẦN TƯ VẤN VÀ ĐẦU TƯ XÂY DỰNG THÁI NGUYÊN
KH-0410,CÔNG TY TNHH THƯƠNG MẠI DỊCH VỤ VÀ PHÁT TRIỂN CÔNG NGHỆ TOÀN THẮNG
KH-0411,CHI NHÁNH MIỀN BẮC - CÔNG TY CỔ PHẦN HẠ TẦNG VIỄN THÔNG CMC
KH-0412,CÔNG TY CỔ PHẦN CÔNG NGHỆ GIÁO DỤC VÀ TRUYỀN THÔNG VECTECH
KH-0413,CÔNG TY CỔ PHẦN CÔNG NGHỆ BẰNG HỮU
KH-0414,CÔNG TY CỔ PHẦN ĐẦU TƯ CAPITAL HOUSE
KH-0415,CÔNG TY CỔ PHẦN DỊCH VỤ VÀ CÔNG NGHỆ MIỀN BẮC
KH-0416,CÔNG TY TNHH THƯƠNG MẠI TÂN AN
KH-0417,CÔNG TY TNHH MEKTEC MANUFACTURING (VIỆT NAM)
KH-0418,Công ty TNHH Kỹ Nghệ Phúc Anh
KH-0419,CÔNG TY CỔ PHẦN TECOMEN
KH-0420,CÔNG TY CỔ PHẦN RCEE - NIRAS
KH-0421,CÔNG TY CỔ PHẦN TMC HÀ NỘI- VIỆT NAM
KH-0422,Công ty TNHH JGC Việt Nam
KH-0423,CÔNG TY TNHH TCG LAND
KH-0424,Công ty Cổ phần Overseas Fashions
KH-0425,Công ty TNHH Trung tâm Gia công Hà Nội Việt Nam POSCO-VNPC
KH-0426,Công Ty TNHH Liên Kết Công Nghệ
KH-0427,Chi Nhánh Công Ty TNHH Comin Việt Nam
KH-0428,Công Ty TNHH Hệ Thống Công Nghiệp Việt Nam
KH-0429,Công ty TNHH Hellobyte
KH-0430,Công Ty Cổ Phần Thương Mại Kỹ Thuật Tam Thành Phát
KH-0431,Văn phòng đại diện New World Fashion Group tại Hồ Chí Minh
KH-0432,CÔNG TY CỔ PHẦN ĐẦU TƯ Q&T
KH-0433,CÔNG TY TNHH CHUNGHWA TELECOM VIỆT NAM
KH-0434,Công ty TNHH Comin Việt Nam
KH-0435,Công Ty Cổ Phần Công Nghệ Thông Tin Địa Lý Ek
KH-0436,Công Ty Cổ Phần Thức Ăn Chăn Nuôi Thái Dương
KH-0437,Công ty TNHH Thương Mại Và Công Nghệ Việt
KH-0438,Công ty TNHH Dịch vụ Tiện ích Quốc tế OCS
KH-0439,TRUNG TÂM THỬ NGHIỆM KHÍ THẢI PHƯƠNG TIỆN GIAO THÔNG CƠ GIỚI ĐƯỜNG BỘ
KH-0440,Công Ty TNHH Viễn Thông Và Công Nghệ Cao Thái Sơn
KH-0441,Công ty TNHH thương mại và sản xuất Hoàng Mai
KH-0442,CÔNG TY CỔ PHẦN THƯƠNG MẠI HỒNG HÀ
KH-0443,TRUNG TÂM THÔNG TIN DỮ LIỆU ĐIỆN TỬ TỈNH THỪA THIÊN HUẾ
KH-0444,CÔNG TY TNHH DỊCH VỤ CÔNG NGHỆ THÔNG TIN TOÀN CẦU
KH-0445,CÔNG TY TNHH HANSOL ELECTRONICS VIỆT NAM
KH-0446,CÔNG TY TNHH NETCAB
KH-0447,CÔNG TY CỔ PHẦN VICOSTONE
KH-0448,CÔNG TY TNHH SX-TM HÀNH MỸ
KH-0449,CÔNG TY TNHH MANPOWER VIỆT NAM
KH-0450,CHI NHÁNH CÔNG TY LIÊN DOANH TNHH NIPPON EXPRESS (VIỆT NAM) TẠI HÀ NỘI
KH-0451,CÔNG TY CỔ PHẦN ĐIỆN TOÁN VIỄN THÔNG VIETTELCO
KH-0452,CÔNG TY CỔ PHẦN KỸ THUẬT SIGMA
KH-0453,Công ty cổ phần đầu tư và phát triển kỹ thuật năng lượng VEC
KH-0454,CÔNG TY CỔ PHẦN GIẢI PHÁP CÔNG NGHỆ SAVIS VIỆT NAM
KH-0455,Công ty cổ phần Vận tải & Dịch vụ Petrolimex Nghệ Tĩnh
KH-0456,Công ty TNHH May Mặc Excel Việt Nam
KH-0457,CÔNG TY CỔ PHẦN TẬP ĐOÀN PHƯỢNG HOÀNG XANH A&A
KH-0458,TRƯỜNG QUỐC TẾ ĐA CẤP ANH VIỆT HOÀNG GIA (BVIS ROYAL)
KH-0459,CÔNG TY TNHH DU LỊCH MẠO HIỂM XUYÊN Á
KH-0460,Công ty TNHH Thiết Bị Khoa Học Công Nghệ Mới
KH-0461,Công ty Cổ Phần Máy Tính Nhật Mỹ
KH-0462,Dự án phát triển hệ thống thông tin quản lý ngành Lâm nghiệp tại Việt Nam-Giai đoạn 2 (Formis II)
KH-0463,Công Ty TNHH Fruit of The Loom Việt Nam
KH-0464,CÔNG TY TNHH TIN HỌC VIỄN THÔNG NHẤT TIẾN CHUNG
KH-0465,CÔNG TY CỔ PHẦN PHẦN MỀM THĂNG LONG
KH-0466,CÔNG TY TNHH JFD VIỆT NAM
KH-0467,TRUNG TÂM ỨNG DỤNG CÔNG NGHỆ THÔNG TIN XÚC TIẾN THƯƠNG MẠI
KH-0468,Công ty TNHH Công nghiệp Oriental Sports Việt Nam
KH-0469,Công ty TNHH ACTIVE-SEMI Việt Nam
KH-0470,Công Ty CP Dịch Vụ Công Nghệ Sao Bắc Đẩu
KH-0471,CÔNG TY CỔ PHẦN SSS VIỆT NAM
KH-0472,Công Ty TNHH Sự Lựa Chọn Vàng
KH-0473,CÔNG TY CỔ PHẦN THƯƠNG MẠI DỊCH VỤ TIN HỌC TÍN THÀNH
KH-0474,Công ty TNHH Yen Of LonDon
KH-0475,Công ty TNHH Sugiko Việt Nam
KH-0476,CHI NHÁNH CÔNG TY TNHH PHẦN MỀM FPT TẠI ĐÀ NẴNG
KH-0477,CÔNG TY CỔ PHẦN GIẢI PHÁP CÔNG NGHỆ FANXIPAN VIỆT NAM
KH-0478,Chi nhánh công ty TNHH Shoei Việt Nam tại Bắc Ninh
KH-0479,Công ty TNHH Terumo Việt Nam
KH-0480,CÔNG TY TNHH CÔNG NGHỆ ẮC QUY HENG LI (VIỆT NAM)
KH-0481,CÔNG TY TNHH VSIP BẮC NINH
KH-0482,Công Ty Cổ Phần Hà Yến
KH-0483,Công Ty Cổ Phần Trò Chơi Hiker
KH-0484,Văn phòng dự án Tổ chức TRAFFIC International tại Việt Nam
KH-0485,CÔNG TY CỔ PHẦN NHÂN LỰC QUỐC TẾ HRI
KH-0486,CỤC XÚC TIẾN THƯƠNG MẠI
KH-0487,CÔNG TY CỔ PHẦN HANACANS
KH-0488,QES (ASIA - PACIFIC) SDN BHD.
KH-0489,Công Ty TNHH Puretech Việt Nam
KH-0490,Công ty TNHH MTV Cao Su Dầu Tiếng
KH-0491,Công ty TNHH PASONA TECH Việt Nam
KH-0492,Công ty TNHH công nghiệp C.N.T
KH-0493,Công Ty TNHH Honda Lock Việt Nam
KH-0494,Công ty TNHH Sungnam Knitting Mills
KH-0495,CÔNG TY TNHH DAIN LEADERS VIỆT NAM
KH-0496,CÔNG TY CỔ PHẦN DỊCH VỤ HÀNG KHÔNG SÂN BAY TÂN SƠN NHẤT
KH-0497,Công Ty Cổ Phần Careerbuilder
KH-0498,"Ngân Hàng Citibank, N.A., Chi Nhánh Thành Phố Hồ Chí Minh"
KH-0499,CÔNG TY TNHH ĐIỆN TỬ TIN HỌC IT
KH-0500,CÔNG TY TNHH NHÀ NƯỚC MỘT THÀNH VIÊN KHAI THÁC CÔNG TRÌNH THỦY LỢI PHÚ THỌ
KH-0501,Công ty TNHH Vật Tư Khoa Học Kỹ Thuật Đông Dương
KH-0502,Công Ty TNHH Thương Mại Dịch Vụ Kỹ Thuật G.P.L
KH-0503,VĂN PHÒNG TỈNH ỦY LÀO CAI
KH-0504,Công Ty TNHH Công Nghệ Tin Học C.P
KH-0505,CÔNG TY TNHH NOZOMI
KH-0506,Công ty TNHH Sài Gòn STEC
KH-0507,CÔNG TY TNHH NIPPON PAINT VIỆT NAM (HÀ NỘI)
KH-0508,Công ty Cổ phần LICOGI13- Nền móng xây dựng
KH-0509,CÔNG TY TNHH EM-TECH VIỆT NAM
KH-0510,CÔNG TY TNHH MỘT THÀNH VIÊN THƯƠNG MẠI DỊCH VỤ DẦU KHÍ ĐÔNG HƯNG
KH-0511,CÔNG TY CỔ PHẦN THỰC PHẨM RICHY MIỀN BẮC
KH-0512,Công ty TNHH Công nghệ Niềm Tin
KH-0513,CÔNG TY CỔ PHẦN GIÀY ĐẠI LỘC
KH-0514,CÔNG TY TNHH HITACHI PLANT TECHNOLOGIES ( VIỆT NAM)
KH-0515,CÔNG TY CỔ PHẦN TƯ VẤN ĐẦU TƯ VÀ DỊCH VỤ NÔNG NGHIỆP VIỆT NAM
KH-0516,CÔNG TY TNHH SD GLOBAL VIỆT NAM
KH-0517,CÔNG TY TNHH TAKAHATA PRECISION VIỆT NAM
KH-0518,CÔNG TY CỔ PHẦN SẢN XUẤT HÀNG THỂ THAO
KH-0519,CÔNG TY TNHH SCANDINAVIAN DESIGN VIỆT NAM
KH-0520,Công Ty TNHH Công Nghiệp Vĩnh Tường Miền Bắc Việt Nam
KH-0521,CÔNG TY TNHH GIẢI PHÁP DG
KH-0522,CÔNG TY CỔ PHẦN SXKD XNK BÌNH THẠNH
KH-0523,CTY JFE ENGINEERING CORPORATION – NTC THCV THI CÔNG & HT CÁC HM LQ ĐẾN GT “CP-2: NM XỬ LÝ NƯỚC THẢI”
KH-0524,CÔNG TY CỔ PHẦN ĐẦU TƯ BẤT ĐỘNG SẢN SAIGONTEL
KH-0525,Công Ty Cổ Phần Phát Triển Đô Thị Quốc Tế Việt Nam
KH-0526,CÔNG TY TNHH DỆT VÀ NHUỘM HƯNG YÊN
KH-0527,TRUNG TÂM ĐÀO TẠO VÀ NÂNG CAO NĂNG LỰC PHỤ NỮ
KH-0528,CÔNG TY CỔ PHẦN CÔNG NGHỆ OCG
KH-0529,Công Ty Cổ Phần Nhiệt Điện Vũng Áng II (Vapco)
KH-0530,CÔNG TY TNHH TM&DV VĨNH CƯỜNG
KH-0531,CÔNG TY CỔ PHẦN THƯƠNG MẠI VÀ CÔNG NGHỆ HÀ VIỆT
KH-0532,CONG TY TNHH MICHELLE
KH-0533,Công ty TNHH MT Hojgaard Việt Nam
KH-0534,Công ty TNHH Technova
KH-0535,CÔNG TY CỔ PHẦN DỊCH VỤ KỸ THUẬT MOBIFONE
KH-0536,CÔNG TY CỔ PHẦN XÂY DỰNG VÀ THƯƠNG MẠI PHÚ QUANG HƯNG
KH-0537,CÔNG TY TNHH KHU CÔNG NGHIỆP THĂNG LONG VĨNH PHÚC
KH-0538,CÔNG TY CỔ PHẦN THIẾT BỊ VÀ PHÁT TRIỂN CÔNG NGHỆ TRỌNG ĐIỂM
KH-0539,CÔNG TY TNHH BUSINESS CONSULTANTS VIỆT NAM
KH-0540,Công ty Cổ phần INNOTEK
KH-0541,CÔNG TY CỔ PHẦN FPS VIỆT NAM
KH-0542,CÔNG TY TNHH TƯ VẤN VÀ ĐẦU TƯ TIÊN PHONG QUỐC TẾ VIỆT NAM
KH-0543,CÔNG TY TNHH ENS FOAM
KH-0544,CÔNG TY TNHH INSPECTORIO VIỆT NAM
KH-0545,CHI NHÁNH CÔNG TY CỔ PHẦN FOODY TẠI HÀ NỘI
KH-0546,CÔNG TY TNHH CÔNG NGHỆ THÔNG TIN VẠN LỘC
KH-0547,CHI NHÁNH THÀNH PHỐ HỒ CHÍ MINH - CÔNG TY CỔ PHẦN VINATEX QUỐC TẾ
KH-0548,CÔNG TY TNHH TRUYỀN THÔNG VÀ QUẢNG CÁO THÀNH NAM
KH-0549,CÔNG TY TRÁCH NHIỆM HỮU HẠN VÂN LONG
KH-0550,CÔNG TY TNHH TƯ VẤN COUTURE VIỆT NAM
KH-0551,CÔNG TY CỔ PHẦN NƯỚC GIẢI KHÁT SANEST KHÁNH HÒA
KH-0552,CÔNG TY CỔ PHẦN ĐẠI ĐỒNG TIẾN
KH-0553,Công ty CP Truyền thông và Công nghệ A1
KH-0554,CÔNG TY TNHH KHU CÔNG NGHIỆP THĂNG LONG
KH-0555,CÔNG TY TNHH KỸ THUẬT VÀ THƯƠNG MẠI VIỆT Á
KH-0556,CÔNG TY CỔ PHẦN CÔNG NGHỆ TAM PHÚ
KH-0557,Công ty TNHH Tư vấn Quản lý MCG
KH-0558,CÔNG TY CỔ PHẦN ĐẦU TƯ VÀ CÔNG NGHỆ HC TOÀN CẦU
KH-0559,CÔNG TY CỔ PHẦN ĐẦU TƯ VÀ PHÁT TRIỂN HƯNG PHÁT
KH-0560,Công ty TNHH Thakral One
KH-0561,Công ty TNHH Phần mềm CADCAM
KH-0562,CN Công ty TNHH Nhà nước MTV Thương mại và XNK VIETTEL-Trung tâm phân phối
KH-0563,CÔNG TY TNHH EL DORADO VIỆT NAM
KH-0564,Công Ty TNHH Phần mềm Tin Học Điện Tử Tích Hợp
KH-0565,CÔNG TY CỔ PHẦN THẾ GIỚI SỐ TRẦN ANH
KH-0566,Công ty Cổ phần Quảng cáo Mai Cát Tường
KH-0567,CÔNG TY TNHH MỘT THÀNH VIÊN DỊCH VỤ DU LỊCH VIT HẠ LONG
KH-0568,Công ty TNHH Phân Phối SNB
KH-0569,Chi Nhánh Công Ty TNHH Yen Of London
KH-0570,Công ty TNHH BX Bunka Việt Nam
KH-0571,CÔNG TY TNHH THIẾT BỊ KỸ THUẬT TUẤN THỊNH
KH-0572,CÔNG TY TNHH CNC VINA
KH-0573,Công ty TNHH GoerTek Vina
KH-0574,CÔNG TY TNHH WELLBE VIỆT NAM
KH-0575,CÔNG TY TNHH YOON IL VIỆT NAM
KH-0576,TRUNG TÂM TƯ VẤN THIẾT KẾ VÀ XÂY DỰNG
KH-0577,Viện Khoa Học và Kỹ Thuật Hạt Nhân
KH-0578,CÔNG TY CỔ PHẦN TẬP ĐOÀN THÀNH CÔNG
KH-0579,CÔNG TY TNHH VIỆT NAM TOYO DENSO
KH-0580,CÔNG TY TNHH THƯƠNG MẠI TRẦN HỒNG QUÂN
KH-0581,CÔNG TY CỔ PHẦN KORIHOME VIỆT NAM
KH-0582,NGÂN HÀNG NÔNG NGHIỆP VÀ PHÁT TRIỂN NÔNG THÔN VIỆT NAM - CHI NHÁNH HUYỆN XUÂN LỘC ĐỒNG NAI
KH-0583,CÔNG TY TNHH MAZARS VIỆT NAM
KH-0584,CÔNG TY CỔ PHẦN SẢN XUẤT KINH DOANH DƯỢC VÀ TRANG THIẾT BỊ Y TẾ VIỆT MỸ
KH-0585,Công ty TNHH Đầu Tư thương mại Dung Hòa
KH-0586,CÔNG TY TNHH THƯƠNG MẠI DỊCH VỤ PHÁT TRIỂN HẢI TRUNG
KH-0587,CÔNG TY CỔ PHẦN JIVC
KH-0588,CÔNG TY CỔ PHẦN THƯƠNG MẠI VÀ ĐẦU TƯ CÔNG NGHỆ ANH EM
KH-0589,CÔNG TY TNHH UTI VINA
KH-0590,Trường THPT Nguyễn Văn Linh
KH-0591,CHI NHÁNH THÀNH PHỐ HỒ CHÍ MINH – CÔNG TY TNHH HASHIMA VIỆT NAM
KH-0592,CÔNG TY CỔ PHẦN HẠ TẦNG ĐÔNG Á
KH-0593,Công Ty TNHH Hệ Thống Thông Tin Fpt
KH-0594,CÔNG TY CỔ PHẦN GIẢI PHÁP CÔNG NGHỆ VÀ TRUYỀN THÔNG VICTORY VIỆT NAM
KH-0595,"Co-well Co., Ltd"
KH-0596,CÔNG TY TNHH HWATA VIỆT NAM
KH-0597,CÔNG TY TNHH YOUNGJIN HI - TECH VINA
KH-0598,CÔNG TY PHẦN MỀM VNPT- CHI NHÁNH TỔNG CÔNG TY DỊCH VỤ VIỄN THÔNG
KH-0599,Công ty TNHH thương mại và dịch vụ Thông Thiên
KH-0600,Công Ty TNHH Thương Mại Công Nghệ Minh Thắng
KH-0601,Công ty TNHH May Nien Hsing Việt Nam
KH-0602,TRƯỜNG THPT VIỆT MỸ ANH
KH-0603,Công ty TNHH thương mại dịch vụ An Đạt Thịnh
KH-0604,CÔNG TY TNHH MTV ỨNG DỤNG CÔNG NGHỆ VÀ DỊCH VỤ TRUYỀN THÔNG ÂU LẠC
KH-0605,CÔNG TY CỔ PHẦN VĂN HÓA TÂN BÌNH
KH-0606,CÔNG TY TNHH THƯƠNG MẠI & DỊCH VỤ T.T.K
KH-0607,CÔNG TY CỔ PHẦN THỦY SẢN CÀ MAU
KH-0608,CÔNG TY CỔ PHẦN ĐẦU TƯ XÂY DỰNG BẤT ĐỘNG SẢN LANMAK
KH-0609,Công ty TNHH Phát triển công nghệ và thương mại Gia Long
KH-0610,CÔNG TY CỐ PHẦN DỊCH VỤ MÁY TÍNH KỶ NGUYÊN
KH-0611,Công Ty Cổ Phần Thực Phẩm Richy Miền Nam
KH-0612,Công ty TNHH Thương Mại Tin Học Công Nghệ Zonotek
KH-0613,Công ty CP ĐT và PTCN Quốc gia ADG
KH-0614,CÔNG TY TNHH THƯƠNG MẠI VÀ DỊCH VỤ TIN HỌC HT VIỆT NAM
KH-0615,Công ty TNHH Yokowo Việt Nam
KH-0616,CÔNG TY CỔ PHẦN VẬN TẢI BÌNH AN HÀ TIÊN
KH-0617,Công ty CP Máy Tính Hà Nội
KH-0618,Công ty TNHH GTS Hải Đăng
KH-0619,CÔNG TY TNHH DOOSUN VIỆT NAM
KH-0620,CÔNG TY TNHH VIỆT NAM TOKAI
KH-0621,CÔNG TY NĂNG LƯỢNG MEKONG
KH-0622,Công ty TNHH Thương mại Kỹ thuật Song Lợi
KH-0623,CÔNG TY CỔ PHẦN BỀN
KH-0624,CÔNG TY TNHH BAGS CONNECTION VINA
KH-0625,Công ty TNHH Yudo Việt Nam
KH-0626,CÔNG TY CỔ PHẦN NSTECH VIỆT NAM
KH-0627,CÔNG TY TNHH THƯƠNG MẠI VÀ DỊCH VỤ TRÂM QUỲNH
KH-0628,CÔNG TY TNHH MỘT THÀNH VIÊN THƯƠNG MẠI DỊCH VỤ TIN HỌC MẠNH TÚ
KH-0629,CÔNG TY TNHH GIẢI PHÁP VÀ DỊCH VỤ CAO CẤP
KH-0630,CÔNG TY TNHH THƯƠNG MẠI LONG MỸ
KH-0631,Công ty TNHH công nghệ xây dựng Đại Phong
KH-0632,CÔNG TY TNHH MHI AEROSPACE VIỆT NAM
KH-0633,CÔNG TY TNHH FRESCO FOODS
KH-0634,CÔNG TY VTC DỊCH VỤ TRUYỀN HÌNH SỐ
KH-0635,Công Ty Kurihara Việt Nam
KH-0636,CÔNG TY TNHH KỸ THUẬT CHANGHONG (VIỆT NAM)
KH-0637,Công Ty TNHH Một Thành Viên Đóng Tàu Hạ Long
KH-0638,CÔNG TY CỔ PHẦN DELTA CROPCARE
KH-0639,Cửa Hàng Công Liên
KH-0640,CÔNG TY M&C ELECTRONICS VINA
KH-0641,CÔNG TY TNHH 1 TV DỊCH VỤ THƯƠNG MẠI PHÚC HOÀNG
KH-0642,Công Ty TNHH QUảng Cáo B.M.C
KH-0643,CÔNG TY TNHH QUẢN LÝ CA
KH-0644,Công Ty CP Thiết Kế và Trang Trí Nội Thất Norah
KH-0645,Công Ty Cổ Phần Cơ Kim Khí Việt Mỹ
KH-0646,CÔNG TY TNHH NIKKEN INTERNATIONAL ASIA
KH-0647,CÔNG TY TNHH BROTEX (VIỆT NAM)
KH-0648,Công ty TNHH Lockon Việt Nam
KH-0649,VPĐD THƯỜNG TRÚ HIỆP HỘI CÁC PHÒNG THƯƠNG MẠI & CÔNG NGHIỆP ĐỨC (DIHK) TẠI VIỆT NAM
KH-0650,Công ty TNHH KISHIN Việt Nam
KH-0651,Công Ty TNHH Công Nghệ Kinh Doanh Quốc Tế
KH-0652,CÔNG TY TNHH CO-WELL CHÂU Á
KH-0653,Công Ty Cổ Phần BlueCom Việt Nam
KH-0654,Công ty Cổ phần Tân Cảng Bến Thành
KH-0655,Công ty TNHH NISHIO Rent All Việt Nam
KH-0656,CÔNG TY TNHH TÂN HỒNG HÀ
KH-0657,CÔNG TY TNHH NS TECH.VINA
KH-0658,CÔNG TY CỔ PHẦN TƯ VẤN XÂY DỰNG ĐIỆN 4
KH-0659,VPĐD TT HIỆP HỘI CÁC PHÒNG THƯƠNG MẠI & CÔNG  NGHIỆP ĐỨC (DIHK) TẠI TP. HỒ CHÍ MINH
KH-0660,Công Ty TNHH Mizuho Precision Việt Nam
KH-0661,TRUNG TÂM TƯ VẤN XÂY DỰNG CÔNG NGHIỆP VÀ HẠ TẦNG
KH-0662,Công ty TNHH Maxpeed Hà Nội
KH-0663,Đài Phát thanh - Truyền hình Hải Dương
KH-0664,CÔNG TY TNHH RICHARD MOORE ASSOCIATES
KH-0665,CÔNG TY TNHH GIẤY  KRAFT VINA
KH-0666,CÔNG TY TNHH WURTH VIỆT NAM
KH-0667,CÔNG TY CỔ PHẦN DỊCH VỤ KỸ THUẬT VIỄN THÔNG
KH-0668,Công ty TNHH Kotiti Việt Nam
KH-0669,Công ty Cổ phần Đầu tư Kỹ thuật Berjaya Gia Thịnh
KH-0670,CÔNG TY TNHH PROPERWELL VIỆT NAM
KH-0671,TRUNG TÂM PHÒNG CHỐNG HIV/AIDS TỈNH KIÊN GIANG
KH-0672,CÔNG TY TNHH NIPPON PAINT VĨNH PHÚC
KH-0673,CÔNG TY TNHH TƯ VẤN ĐẦU TƯ & XÂY DỰNG A.E
KH-0674,CÔNG TY TNHH GENSOFT VINA
KH-0675,CÔNG TY TNHH THƯƠNG MẠI VÀ XÂY LẮP HÀ NGUYÊN
KH-0676,CÔNG TY TNHH DỊCH VỤ BẢO DƯỠNG MÁY BAY CẢNG HÀNG KHÔNG MIỀN NAM
KH-0677,VĂN PHÒNG ĐẠI DIỆN CÔNG TY VIETNAM HOLDING ASSET MANAGEMENT LTD. TẠI THÀNH PHỐ HỒ CHÍ MINH
KH-0678,CÔNG TY CỔ PHẦN PHÁT TRIỂN NHÀ G HOMES
KH-0679,CÔNG TY TNHH OGILVYONE VIỆT NAM
KH-0680,"CÔNG TY TNHH VẬN CHUYỂN ""K"" LINE (VIỆT NAM)"
KH-0681,CÔNG TY TNHH ĐÔNG A
KH-0682,CÔNG TY CỔ PHẦN ĐẦU TƯ XÂY DỰNG VÀ THƯƠNG MẠI TIẾN MINH
KH-0683,Công Ty Cổ Phần Thương Mại Phân Phối Các Sản Phẩm Điện Tử Tin Học
KH-0684,CHI NHÁNH CÔNG TY TNHH THƯƠNG MẠI TRẦN HỒNG QUÂN - TÒA THÁP KHÁCH SẠN
KH-0685,CÔNG TY CỔ PHẦN THƯƠNG MẠI & PHÁT TRIỂN CÔNG NGHỆ HƯNG THIỆN
KH-0686,CÔNG TY TNHH VÕ TRỌNG NGHĨA
KH-0687,CÔNG TY CỔ PHẦN IDC ĐÔNG DƯƠNG
KH-0688,CÔNG TY CỔ PHẦN THỂ THAO NGÔI SAO GERU
KH-0689,CÔNG TY TNHH HANSOL CNP VINA
KH-0690,Công ty Cổ phần Công nghệ ELITE
KH-0691,CÔNG TY TNHH WILLER VIỆT NAM
KH-0692,TRUNG TÂM TRUYỀN THÔNG - TRUYỀN HÌNH CÔNG THƯƠNG
KH-0693,Công Ty TNHH Tin Học và Thương Mại Chân Chính
KH-0694,CÔNG TY TNHH JULIE SANDLAU VIỆT NAM
KH-0695,CÔNG TY TNHH MÁY TÍNH LONG NGUYỄN
KH-0696,CÔNG TY TNHH THƯƠNG MẠI SẢN XUẤT ĐỒ DÙNG GIA ĐÌNH VIỆT NAM
KH-0697,CÔNG TY TNHH NHẤT NHẤT
KH-0698,CÔNG TY TNHH HỒNG VẬN
KH-0699,Công Ty Mua Bán Điện
KH-0700,CÔNG TY TNHH VIỄN TÍN VINH
KH-0701,CÔNG TY TNHH SI FLEX VIỆT NAM
KH-0702,CÔNG TY CỔ PHẦN XNK VÀ ĐẦU TƯ THỪA THIÊN HUẾ
KH-0703,CÔNG TY CỔ PHẦN LÚA VÀNG
KH-0704,CÔNG TY CP BAO BÌ VÀ IN NÔNG NGHIỆP
KH-0705,CÔNG TY CỔ PHẦN GIÓ NHẸ MIỀN NAM
KH-0706,CÔNG TY TNHH YUSEN LOGISTICS (VIỆT NAM)
KH-0707,CÔNG TY CỔ PHẦN CORESOFT
KH-0708,ECODIT LLC – Dự án Trường Sơn Xanh do USAID tài trợ
KH-0709,CÔNG TY TNHH ĐIỆN LẠNH MIỀN TÂY
KH-0710,Công ty TNHH BIP Systems Việt Nam
KH-0711,CÔNG TY CỔ PHẦN PHẦN MỀM CITIGO
KH-0712,CÔNG TY TNHH SEEC VIỆT NAM
KH-0713,CÔNG TY CỔ PHẦN XI MĂNG HỆ DƯỠNG
KH-0714,Công ty  TNHH Một Thành Viên Công nghệ Phúc Sơn
KH-0715,CÔNG TY TNHH YAMATO LOGISTICS VIỆT NAM - CHI NHÁNH THÀNH PHỐ HỒ CHÍ MINH
KH-0716,CHI NHÁNH THỦ ĐỨC - CÔNG TY CỔ PHẦN I.P.L
KH-0717,CÔNG TY TNHH THẾ GIỚI KIM CƯƠNG
KH-0718,CÔNG TY CỔ PHẦN FUJIWINDOWS
KH-0719,CÔNG TY TNHH NHÓM MÂY
KH-0720,CÔNG TY TNHH DỊCH VỤ VÀ THƯƠNG MẠI THÁI TRÍ
KH-0721,CÔNG TY TNHH ESPRINTA (VIỆT NAM)
KH-0722,CÔNG TY TNHH NESSCO VIỆT NAM
KH-0723,CÔNG TY TRÁCH NHIỆM HỮU HẠN CÔNG NGHỆ KIẾN HÂN
KH-0724,CÔNG TY TNHH HSIEHS BIOTECH
KH-0725,CÔNG TY TNHH OLMIX ASIALAND VIỆT NAM
KH-0726,CÔNG TY CỔ PHẦN TÍCH HỢP HỆ THỐNG NAM TRƯỜNG SƠN
KH-0727,CÔNG TY TNHH YAKJIN INTERTEX
KH-0728,CÔNG TY TNHH ĐÀO TẠO VÀ TÍCH HỢP CÔNG NGHỆ E-TECK
KH-0729,CÔNG TY TNHH TM DV KỸ THUẬT VIỄN THÔNG TOÀN CẦU
KH-0730,CÔNG TY TNHH 1C VIỆT NAM
KH-0731,CÔNG TY CỔ PHẦN ĐẦU TƯ VÀ CÔNG NGHỆ VIỆT TIẾN
KH-0732,CÔNG TY CỔ PHẦN CARBON VIỆT NAM
KH-0733,CÔNG TY TNHH MỘT THÀNH VIÊN MAY MẶC VIỆT PACIFIC
KH-0734,CÔNG TY TNHH SL INTERNATIONAL
KH-0735,CÔNG TY CỔ PHẦN KỸ THUẬT VÀ THƯƠNG MẠI H.T.G
KH-0736,CÔNG TY TNHH MTV I.M.LINK VIỆT NAM
KH-0737,CÔNG TY CỔ PHẦN DƯỢC PHẨM PHA NO
KH-0738,CÔNG TY TNHH ANH TIN
KH-0739,"VĂN PHÒNG ĐẠI DIỆN PAN-PACIFIC CO.,LTD TẠI THÀNH PHỐ HỒ CHÍ MINH"
KH-0740,CÔNG TY TNHH MỘT THÀNH VIÊN ĐẦU TƯ DHA
KH-0741,CÔNG TY TNHH TƯ VẤN INNOVATURE
KH-0742,CÔNG TY TNHH ĐIỆN TỬ TT
KH-0743,TRUNG TÂM ĐIỀU ĐỘ HỆ THỐNG ĐIỆN MIỀN TRUNG
KH-0744,Công ty CP Đường Quảng Ngãi
KH-0745,Công Ty TNHH Công Nghệ Polaris Đà Nẵng
KH-0746,Công ty Taisei NB - TC gói thầu CP-1A PTR CSHT chính của DA PT CSHT KCN cao Hòa Lạc tại TPHN
KH-0747,CÔNG TY CỔ PHẦN ĐẦU TƯ VÀ CÔNG NGHỆ IDOCNET
KH-0748,CÔNG TY TNHH TÍCH HỢP HỆ THỐNG CMC
KH-0749,CÔNG TY CỔ PHẦN KAROFI VIỆT NAM
KH-0750,CÔNG TY CỔ PHẦN THƯƠNG MẠI VÀ XÂY DỰNG CÔNG NGHỆ XANH
KH-0751,CÔNG TY CỔ PHẦN ĐIỆN LỰC TRUNG SƠN
KH-0752,CÔNG TY TNHH MỘT THÀNH VIÊN ĐẦU TƯ VÀ THƯƠNG MẠI THE GARDEN
KH-0753,Công ty TNHH quốc tế liên doanh VINACONEX-TAISEI (VINATA)
KH-0754,Công Ty Cổ Phần Odin Việt Nam
KH-0755,CÔNG TY TNHH KHÔNG GIAN MỚI
KH-0756,CÔNG TY CỔ PHẦN MĨ THUẬT VÀ TRUYỀN THÔNG
KH-0757,Công Ty Cổ Phần Máy Tính Sài Gòn
KH-0758,Công Ty TNHH Westfield Việt Nam
KH-0759,Công ty TNHH Nam Of LonDon
KH-0760,Văn phòng đại diện New World Fashion Group tại Hải Phòng
KH-0761,Công ty Quốc tế TNHH Đông Tài Việt Nam
KH-0762,CÔNG TY TNHH DIMENSION DATA VIỆT NAM
KH-0763,Công ty TNHH Du Lịch Nghỉ Dưỡng Sinh Thái Mai Châu
KH-0764,Công ty TNHH Matsuo Industries Việt Nam
KH-0765,Công ty TNHH HEYUM Vina
KH-0766,Công ty TNHH Kỹ thuật và Thương mại KT
KH-0767,Công ty TNHH Yokohama Tyre Việt Nam
KH-0768,CÔNG TY TNHH TIẾP VẬN THĂNG LONG – CHI NHÁNH HƯNG YÊN
KH-0769,Công ty TNHH Miền Á Đông
KH-0770,CÔNG TY TNHH TÍCH HỢP HỆ THỐNG ITECH
KH-0771,CÔNG TY TNHH ỨNG DỤNG HỆ THỐNG THỊNH VƯỢNG
KH-0772,CHI NHÁNH CÔNG TY TNHH TIẾP VẬN THĂNG LONG TẠI HẢI PHÒNG
KH-0773,Công ty TNHH e-Litecom Vina
KH-0774,CÔNG TY CỔ PHẦN THÔNG TIN TÍN DỤNG VIỆT NAM
KH-0775,Công Ty Cổ Phần Năng Lượng Vĩnh Tân 3
KH-0776,CÔNG TY TNHH NANO HIGHTECH VIỆT NAM
KH-0777,CÔNG TY CỔ PHẦN THIẾT BỊ TÂN PHÁT
KH-0778,CÔNG TY TNHH CÔNG NGHIỆP HÀ YẾN SGN
KH-0779,CÔNG TY CỔ PHẦN SOYA GARDEN
KH-0780,CÔNG TY TNHH NGÔI NHÀ SÁNG TẠO
KH-0781,Công ty TNHH Thương Mại Dịch Vụ Việt Ý
KH-0782,Công ty Cổ phần Tin học Lạc Việt
KH-0783,CHI NHÁNH CÔNG TY TNHH DỊCH VỤ TIN HỌC FPT TẠI MIỀN TRUNG
KH-0784,CÔNG TY TNHH LUNA NEXUS VN INC
KH-0785,CÔNG TY TNHH VNEXUS CAPITAL ADVISORS
KH-0786,CÔNG TY CỔ PHẦN DỊCH VỤ HÀNG HOÁ HÀNG KHÔNG VIỆT NAM
,
,
,
,
,
,
,
,
,
,
,
,
,
,
,
,
,
,
,
,
,
,
,
,
,
,
,
,
,
,
,
,
,
,
,
,
,
,
,
,
,
,
,
,
,
,
,
,
,
,
,
,
,
,
,
,
,
,
,
,
,
,
,
,
,
,
,
,
,
,
,
,
,
,
,
,
,
,
,
,
,
,
,
,
,
,
,
,
,
,
,
,
,
,
,
,
,
,
,
,
,
,
,
,
,
,
,
,
,
,
,
,
,
,
,
,
,
,
,
,
,
,
,
,
,
,
,
,
,
,
,
,
,
,
,
,
,
,
,
,
,
,
,
,
,
,
,
,
,
,
,
,
,
,
,
,
,
,
,
,
,
,
,
,
,
,
,
,
,
,
,
,
,
,
,
,
,
,
,
,
,
,
,
,
,
,
,
,
,
,
,
,
,
,
,
,
,
,
,
,
,
,
,
,
,
,
,
,
,
,
,
,
,
