Mã Sản phẩm,Sản phẩm,Nhóm sản phẩm
P-001,Phần mềm TeamViewer 12 Premium,Phần mềm
P-002,Phần mềm TeamViewer 12 Corporate,Phần mềm
P-003,Phần mềm Win Home 10 64Bit Eng Intl 1pk DSP OEI DVD,Phần mềm
P-004,Phần mềm Teamviewer 12 business,Phần mềm
P-005,Phần mềm Autodesk AutoCAD LT Commercial Singleuser Annual Subscription Renewal with Advanced Support (057I1-009704-T385),Phần mềm
P-006,Phần mềm Autodesk AutoCAD LT 2018 Commercial New Single-user Additional Seat Annual Subscription PROMO - 12 months -,Phần mềm
P-007,Phần mềm Illustrator CC for teams ALL Multiple Platforms Multi Asian Languages Team Licensing Subscription Renewal 12 months,Phần mềm
P-008,Phần mềm Photoshop CC for teams  ALL Multiple Platforms Multi Asian Languages Team Licensing Subscription Renewal 12 months,Phần mềm
P-009,Phần mềm Windows Svr Std 2016 64Bit English 1PK DSP OEI DVD 16Core_P73-07113,Phần mềm
P-010,Phần mềm ISO 27001 Toolkit,Phần mềm
P-011,Phần mềm ISO 22301 Toolkit,Phần mềm
P-012,Phần Mềm Photoshop CC for team ALL Multiple Platforms Multi Asian Languages Team Licensing Subscription New- 12 months,Phần mềm
P-013,Phần mềm Activesync Renewal Expired 50 user,Phần mềm
P-014,Phần mềm Adobe Audition CC for team ALL Multiple Platforms Multi Asian Languages Team Licensing Subscription New 12 months,Phần mềm
P-015,Phần mềm WinPro 10 SNGL OLP NL Legalization GetGenuine,Phần mềm
P-016,Phần mềm OfficeStd 2016 SNGL OLP NL,Phần mềm
P-017,Phần mềm Microsoft Office Home and Business 2016 32-bit/64 English APAC EM DVD P2_T5D-02695,Phần mềm
P-018, Phần mềm winpro 10 64bit Eng Intl 1pk DSP OEI DVD,Phần mềm
P-019,"Bản quyền Phần mềm Kaspersky  Ksos 4 for DT + MD + FS SEA10 - MD, 5- DT, 1-FS",Phần mềm
P-020,"Bản quyền Phần mềm Kaspersky  Ksos 4 for DT + MD + FS SEA5 - MD, 5- DT, 1-FS",Phần mềm
P-021,Phần mềm Creative Cloud for teams All Apps ALL Multiple Platforms Multi Asian Languages Team Licensing Subscription New 12 months,Phần mềm
P-022,Phần mềm Win Pro 10 Win32 Eng Intl 1pk DSP OEI DVD,Phần mềm
P-023,Phần mềm Acrobat Professional 2017 Multiple Platforms International English AOO License,Phần mềm
P-024,MÁY TÍNH ĐỂ BÀN LẮP RÁP,Máy tính
P-025,phần mềm SQLSvrStd 2016 SNGL OLP NL,Phần mềm
P-026,Phần mềm Eset Small Office Security Pack 5 +1 + 5 1 Year,Phần mềm
P-027,ESET File Security for Microsoft Windows Server 211-N-1Y,Phụ kiện
P-028,Phần mềm Win Pro 7 SP1 x64 English 1pk DSP OEI (FQC-08289),Phần mềm
P-029,Phần mềm Photoshop CC for teams ALL Multiple Platforms Multi Asian Languages Team Licensing Subscription Renewal 12 months,Phần mềm
P-030,Phần mềm Autodesk AutoCAD LT 2018 Commercial New Single-user ELD Annual Subscription  (057J1-WW8695-T548),Phần mềm
P-031,Phần mềm ứng dụng Office 365 Business- 6 months,Phần mềm
P-032,Phần mềm Illustrator CC for teams ALL Multiple Platforms Multi Asian Languages Team Licensing Subscription New 12 months,Phần mềm
P-033,"Phần mềm Red Hat Enterprise Linux Server, Standard ( Physical or Virtual Nodes)",Phần mềm
P-034,Phần mềm SQLSvrStd 2017 SNGL OLP NL,Phần mềm
P-035,Phần mềm Acronis Backup 12.5 Advanced Universal License incl. AAP ESD,Phần mềm
P-036,Phần mềm Mail Merge ToolKit ( 5-Users license),Phần mềm
P-037,Phần mềm Teamviewer Business Subscription,Phần mềm
P-038,Dịch vụ phần mềm Migration from Teamviewer Business 12 to Teamviewer Business Subcription,Phần mềm
P-039,Phần mềm Mdaemon Renewal 250 User,Phần mềm
P-040,Phần mềm AutoCAD - including specialized toolsets AD Commercial New Single-user ELD Annual Subscription,Phần mềm
P-041,Phần mềm Office 365 PlanE3Open ShrdSvr SNGL Subs VL OLP NL Anual Qlfd,Phần mềm
P-042,Phần mềm Acrobat Pro DC Multiple Platforms Multi Asian Languages Licensing Subscription Monthly 1 User (12 months),Phần mềm
P-043,Phần mềm 3ds Max 2019 Commercial New Single-user ELD Annual Subscription,Phần mềm
P-044,Phần mềm Fusion 360 CLOUD Commercial New Single-user Annual Subscription,Phần mềm
P-045,Phần mềm AutoCAD LT 2019 Commercial New Single-user ELD Annual Subscription,Phần mềm
P-046,phần mềm WinSvrSTDCore 2016 SNGL OLP 16Lic NL CoreLic,Phần mềm
P-047,Phần mềm ExchgSvrStd 2016 SNGL OLP NL,Phần mềm
P-048,Phần mềm SketchUp Pro 2018,Phần mềm
P-049,Phần mềm Vray for Sketchup,Phần mềm
P-050,Usb For Vray,Phụ kiện
P-051,Phần mềm Eset Smart Security 1Y3U,Phần mềm
P-052,Phần mềm Eset Internet Security 1 User 1 year,Phần mềm
P-053,Phần mềm Acrobat Standard 2017 Windows International English AOO License,Phần mềm
P-054,Bản quyền phần mềm máy tính Kaspesky KIS MD cho 1 máy tính (KL1867MUAFS),Phần mềm
P-055,Phần mềm Microsoft Office Home and Student 2016 Win English APAC EM Medialess,Phần mềm
P-056,Phần mềm Teamviewer Premium Subscription,Phần mềm
P-057,Phần mềm Teamviewer Addon Channel  12,Phần mềm
P-058,"Phần mềm Red Hat Enterprise Linux Server, Standard (Physical or Virtual Nodes)",Phần mềm
P-059,Phần mềm Foxit PhantomPDF Standard 9,Phụ kiện
P-060,Phần mềm Microsoft O365BsnessEssentials ShrdSvr SNGL SubsVL OLP NL Qualified Annual (9F5-00003),Phần mềm
P-061,Phần mềm Eset Internet Security 3 User 1 year,Phần mềm
P-062,Phần mềm Office 365 Business Essentials- 12 months,Phần mềm
P-063,Phần mềm CorelDRAW Graphics Suite 2017,Phần mềm
P-064,Phần mềm Lightroom 6 Multiple Platforms International English AOO License,Phần mềm
P-065,Phần mềm After Effects CC for team ALL Multiple Platforms Multi Asian Languages  Team Licensing Subscription New- 12 months,Phần mềm
P-066,"phần mềm Minitab 18 Full Version, Single-User License",Phần mềm
P-067,Phần mềm Office 365 Personal 32-bit/x64 English Subscr 1 Yr Apac EM Medialess,Phần mềm
P-068,Phần mềm O365BsnessOpen ShrdSvr SNGL SubsVL OLP NL Annual Qlfd,Phần mềm
P-069,Phần mềm OFFICE 365 HOME PREMIUM 32BIT/64 EN SUBSCR 1 YR APAC EM MEDIALESS (6GQ-00018),Phần mềm
P-070,Phần mềm  nhận dạng ABBYY Fine Reader 12 Professional Edition,Phần mềm
P-071,Bản quyền phần mềm máy tính Kaspesky KIS MD cho 5 máy tính (KL1941MUEFS),Phần mềm
P-072,Phần mềm diệt virus Bkav Pro 1,Phần mềm
P-073,Phần mềm VSPRO 2017 SNGL OLP NL,Phần mềm
P-074, Phần mềm SYMC ENDPOINT PROTECTION 14 PER USER BNDL SDT LIC EXPRESS BAND A ESSENTIAL 36 MONTHS,Phần mềm
P-075,Phần mềm Office 365 Personal English APAC EM Subscr 1yr Medialess P2,Phần mềm
P-076,Phần mềm SYMC ENDPOINT PROTECTION 14 PER USER BNDL STD LIC EXPRESS BAND A ESSENTIAL 12 MONTHS,Phần mềm
P-077,Phần mềm SecurityPlus Renewal 12 User,Phần mềm
P-078,Phần mềm MDaemon Renewal 12 User,Phần mềm
P-079,phần mềm Photoshop CC for teams ALL  Multiple Platforms Multi Asian Languages Team Licensing Subscription Renewal 12 months,Phần mềm
P-080,Phần mềm Photoshop CC for teams ALL Multiple Platforms Multi Asian Languages Team Licensing Subscription New - 12 months,Phần mềm
P-081,Phần mềm OFFICE 365 HOME ENGLISH APAC EM SUBSCR 1YR MEDIALESS P2 (6GQ_00757),Phần mềm
P-082,Phần mềm MDaemon 50 User,Phần mềm
P-083,Phần mềm MDaemon Antivirus 200 user 1 year,Phần mềm
P-084,Phần mềm ColdFusion Standard 2016 All Platforms International English AOO License,Phần mềm
P-085,"Phần mềm VMware Workstation 14 Pro for Linux and Windows, ESD",Phần mềm
P-086,Phần mềm Office 365 Business Premium - 12 months,Phần mềm
P-087,Phần mềm CorelDRAW Graphics Suite 2018 Single User Business License,Phần mềm
P-088,Phần mềm Fax Server Pro,Phần mềm
P-089,Phần mềm Number of Client for the Fax,Phần mềm
P-090,Phần mềm FilmImpact.net Transition Pack 4 V3,Phần mềm
P-091,Phí sử dụng phần mềm Office 365 Business Premium - 10 months,Phần mềm
P-092,Phần mềm Mdaemon Renewal 250 User 3 Year,Phần mềm
P-093, Phần mềm SecurityPlus Renewal 8000 Users 3 year,Phần mềm
P-094,Phần mềm PRTG 1000 with 12 maintenance months included,Phần mềm
P-095,Phần mềm Bluebeam Revu CAD 2015,Phần mềm
P-096,Gói bảo trì phần mềm Bluebeam,Phần mềm
P-097,Phần mềm WinPro 8.1 SNGL OLP NL Legalization GetGenuine (FQC-08147),Phần mềm
P-098,Phần mềm Office Home and Business 2013 32-bit/x64 English AP AC EM DVD (T5D-01595),Phần mềm
P-099,Phần mềm SQLSvrStd 2014 SNGL OLP NL (228-10344),Phần mềm
P-100,Phần mềm WinSvrStd 2012R2 SNGL OLP NL 2Proc (P73-06285),Phần mềm
P-101,Bản quyền phần mềm máy tính Kaspesky KIS MD cho 3 máy tính (KL1941MUCFS),Phần mềm
P-102,Phần mềm Win Pro 7 SP1 x32 English 1pk DSP OEI (FQC-08279),Phần mềm
P-103,Phần mềm Acrobat Professional DC 2015 Multiple Platforms International English AOO License,Phần mềm
P-104,Phần mềm diệt Virus Norton Internet  Security 2014 VI 1 Uer( 21299433),Phần mềm
P-105,Phần mềm ExchgSvrStd 2013 SNGL OLP NL,Phần mềm
P-106,Phần mềm V-Ray 3.0 Workstation for 3DS Max Commercial,Phần mềm
P-107,Phần mềm Autodesk 3Ds Max 2016 Commercial New SLM,Phần mềm
P-108,Phần mềm Autodesk AutoCAD LT 2016 Commercial New SLM R2,Phần mềm
P-109,Phần mềm SketchUp Pro 2015 Commercial Single User License,Phần mềm
P-110,Phần mềm Photoshop CC All Multiple plarform Multi Asian Languages Licensing Sub-65226001BA01A12 (65226001BA01A12),Phần mềm
P-111,Phần mềm TeamViewer 10 Premium,Phần mềm
P-112,Phần mềm Altova Umodel 2015 Basic Edition + SMP(1year) Installed Users (50),Phần mềm
P-113,Phần mềm Altova Umodel 2015 Basic Edition + SMP(1year) Installed Users (20),Phần mềm
P-114,Phần mềm Power Director 13.0 Ultra License,Phần mềm
P-115,Phần mềm TeamViewer 10 Corporate 09-31204-734142-794440,Phần mềm
P-116,Phần mềm Mdeamon Pro 50 User 2 Yr,Phần mềm
P-117,Phần mềm Win Svr Std 2008 R2 w/SP1 x64 ENG 1pk DSP OEI DVD 1-4CPU 5Clt LCP (P73-06451),Phần mềm
P-118,Bộ định tuyến không dây Linksys E1700,Phụ kiện
P-119,Thiết bị tường lửa Fortinet Fortigate 100D Fire wall Bundle part # FG-100D-BDL,Phụ kiện
P-120,Phần mềm Illustrator CC MLP Asian Languages Licensing Subscription-65226017BA01A12 (65226017BA01A12),Phần mềm
P-121,Phần mềm Win Ult 7 SP1 x32 English 1pk DSP OEI (GLC-02377),Phần mềm
P-122,Phần mềm Win Pro 8.1 x64 Eng Intl 1pk DSP OEI DVD (FQC-06949),Phần mềm
P-123,Phần mềm TeamViewer 10 Business,Phần mềm
P-124,Phần mềm PPDF-XChange/PDF-Tools-PDF-XChange/PDF-Tools Fulfillment on 2015-08-19,Phần mềm
P-125,Phần mềm OfficeStd 2013 SNGL OLP NL (021-10257),Phần mềm
P-126,Phần mềm TeamViewer 11 Premium,Phụ kiện
P-127,Phần mềm Prjct 2016 SNGL OLP NL,Phần mềm
P-128,Phần mềm office Home and Business 2016 32-bit/x64 English APAC EM DVD,Phần mềm
P-129,Phần mềm Project 2016 32-bit/x64 English EM DVD,Phần mềm
P-130,Phần mềm MDaemon Renewal 50 User 2 Year,Phần mềm
P-131,Phần mềm SecurityPlus Renewal 50 User 2 Year,Phần mềm
P-132,Phần mềm Autodesk AutoCAD LT 2017 Commercial New Single-user ELD Annual Subscription with Advanced Support,Phần mềm
P-133,Phần mềm Foxit PhantomPDF Standard 8,Phần mềm
P-134,Phần mềm WinSvrEssntls 2012R2 SNGL OLP NL,Phần mềm
P-135,Phần mềm Allway Sync Pro,Phần mềm
P-136,Phần mềm Win Pro 8.1 x32 Eng Intl 1pk DSP OEI DVD (FQC-06987),Phần mềm
P-137,Phần mềm Adobe Premiere Pro CC for team ALL Multiple Platforms Multi Asian Languages  Team Licensing Subscription New- 12 months,Phần mềm
P-138,Phần mềm TeamViewer 11 Corporate,Phần mềm
P-139,Phần mềm O365BusPremopn Shared SNGL VLSub (9F4-00003),Phần mềm
P-140,Phần mềm NewsCutter 11,Phần mềm
P-141,Phần mềm Stellar OST to PST Converter V6.0-EN-SOHO,Phần mềm
P-142,Phần mềm TeamViewer 11 Business,Phụ kiện
P-143,Phần mềm VMware vSphere 6 Standard for 1 processor,Phần mềm
P-144,Dịch vụ phần mềm Basic Support/Subscription VMware vSphere 6 Standard for 1 processor for 1 year,Phần mềm
P-145,Phần mềm Mdaemon 50 User 3 Year,Phần mềm
P-146,Phần mềm SecurityPlus 50 User 3 Year,Phần mềm
P-147,Thiết bị vi tính tường lửa hiệu Palo Alto: Palo Alto Networks PA-3020 (PAN-PA-3020),Phụ kiện
P-148,"Giấy chứng nhận dịch vụ bảo hành phần cứng: Partner enabled premium support year 1, PA-500 (PAN-SVC-BKLN-500)",Dịch vụ
P-149,"Bản quyền phần mềm hiệu Palo Alto: Threat prevention subscription year 1, PA-3020 (PAN-PA-3020-TP)",Phần mềm
P-150,"Bản quyền phần mềm hiệu Palo Alto: PANDBURL filtering subscription year 1, PA-3020 (PAN-PA-3020-URLA)",Phần mềm
P-151,"Thiết bị lưu trữ HP 3PAR StoreServ B200 2N Fld Int Base, 24x600GB HDD, Mgmt/Core SW E-Media, OS Suite E-Media, 4xLC/LC OM4 5m Cbi, 3Y WTY_K2Q36A",Phụ kiện
P-152,"Thiết bị lưu trữ HP MSL2024 0-Drive Tape Library, 3Y WTY_AK379A",Phụ kiện
P-153,Đĩa cài đặt HP Data Protector 9.00 English SW Media_TD586EA,Phụ kiện
P-154,"Tủ máy chủ HP 42U 600x1075mm Advanced Pallet Rack, 3Y WTY_H6J65A",Phụ kiện
P-155,Bộ lưu điện EMERSON ITA 20kVA mở rộng thời gian backup (Không có ắc-quy),Phụ kiện
P-156,Card quản lý SIC cho Liebert ITA,Phụ kiện
P-157,Thanh gắn tủ rack cho UPS Liebert ITA,Phụ kiện
P-158,Cáp kết nối cho ITA 16/20KVA,Phụ kiện
P-159,"Máy tính chủ HP DL 380 G9 CTO E5-2660V3(2.6GHz)/10Core/25Mb, 64GB Ram(4x16Gb)2x300Gb HDD,6x2TB HDD, DVDRW, SA P440ar/2Gb, 366FLR Adapter, Nic 331i, Security Benzel, Easy Install Rail Kit, 2x800W PS,DP Adv Bk to Disk 1TB E-TLU, Rack 2U, 3Y WTY_719064-B21",Máy tính
P-160,"Máy tính chủ HP DL380 G9 CTO E5-2660v3(2.6GHz/10Core/25MB), 192GB RAM(12x16GB), 8x600GB HDD, 2x300GB HDD, SA P440ar/2G, SAS Expander Card, Nlc 331i, Security Bezel, Rail Kit, 2x800W PS, 3Y WTY_767032-B21",Máy tính
P-161,Thiết bị vi tính tường lửa hiệu Palo Alto: Palo Alto Networks PA-500 2GB Memory (PAN-PA-500-2GB),Phụ kiện
P-162,Giấy chứng nhận dịch vụ bảo hành phần cứng: Partner enable premium support year 1 PA-3020 (PAN-SVC-BKLN-3020),Dịch vụ
P-163,"Bản quyền phần mềm hiệu Palo Alto: Threat prevention subsciption year 1, PA-500 (PAN-PA-500-TP)",Phần mềm
P-164,Phần mềm Autodesk AutoCAD LT 2018 Commercial New Single-user ELD Annual Subscription,Phần mềm
P-165,Phần mềm CorelDRAW Graphics Suite X8 Single User License,Phần mềm
P-166,Phần mềm Windows Svr Std 2012 R2 x64 English 1pk DSP OEI DVD 2CPU/2VM (P73-06165),Phần mềm
P-167,"Phần mềm Easylabel 6 Gold Version Softwave key "" MFG IN GER"" CD "" MFG IN USA""",Phần mềm
P-168,Phần mềm Rhino 5 for Windows,Phụ kiện
P-169,Phần mềm IIIustrator CC Multiple Platforms Multi Asian Languages Licensing Subscription license 1 USER Level 1 1 - 49 12 Months,Phần mềm
P-170,Phần mềm SQLSvrStd 2016 SNGL OLP NL Acdmc,Phần mềm
P-171,Phần mềm WinSvrStd 2012R2 SNGL OLP NL Acdmc 2Proc,Phần mềm
P-172,Phần mềm Web Log Explorer Enterprise Edition,Phần mềm
P-173,Phần mềm MDaemon Expired Renewal 500 to 1000 User,Phần mềm
P-174,Phần mềm SecurityPlus Expired Renewal 500 to 1000,Phần mềm
P-175,Phần mềm Mdaemon 1000 user 3 year,Phần mềm
P-176,Phần mềm SecurityPlus 1000 user 3 year,Phần mềm
P-177,Phần mềm VMware vSphere 6 Essentials Plus Kit for 3 hosts (Max 2 processors per host),Phần mềm
P-178,phần mềm Basic Support/Subscription VMware vSphere 6 Essentials Plus Kit for 3 year,Phần mềm
P-179,"phần mềm Fortigate 200D - UTM Bundle (8x5 FortiCare plus NGFW, AV, Web Filtering, Botnet IP/Domain and Antispam Services)",Phần mềm
P-180,Phần mềm Autodesk AutoCAD LT 2018 Commercial New Single-user ELD 2-Year Subscription PROMO,Phần mềm
P-181,Phần mềm SecurityPlus Renewal 100 User,Phần mềm
P-182,Phần mềm Bluebeam Revu CAD Annual Maintenance (1-4 users),Phần mềm
P-183,Phần mềm SYMC ENDPOINT PROTECTION 14 PER USER RENEWAL ESSENTIAL 12 MONTHS EXPRESS BAND A,Phần mềm
P-184,Phần mềm VERITAS ESSENTIAL 12 MONTHS RENEWAL FOR BACKUP EXEC SERVER ED WIN STANDARD PERPETTUAL LICENSE CORPORATE,Phụ kiện
P-185,Phần mềm Vision Pro for 1 Teacher + Unlimited Students,Phần mềm
P-186,phần mềm SQLCAL 2016 SNGL OLP NL UsrCAL,Phần mềm
P-187,Phần mềm Autodesk Autodesk AutoCAD LT 2018 Commercial New Single-user ELD Annual Subscription PROMO,Phần mềm
P-188,Phí sử dụng phần mềm Exchange Online Kiosk -15 user - 10months,Phần mềm
P-189,Phần mềm Trend Micro Internet Security 3PC-2015,Phần mềm
P-190,Phần mềm Trend Micro Internet Security 10 2016,Phần mềm
P-191,Phần mềm excel 2016 Sngl OLP NL,Phần mềm
P-192,Phần mềm VERITAS BACKUP EXEC 16 SERVER WIN ML PER SERVER BNDL BUS PACK ESSENTIAL 12 MONTHS CORPORATE_17739-M1,Phần mềm
P-193,Phần mềm VERITAS BACKUP EXEC 16 AGENT FOR APPLICATIONS AND DATABASES WIN ML PER SERVER BNDL BUS PACK ESSENTIAL 12 MONTHS CORPORATE_17750-M1,Phần mềm
P-194,Phí sử dụng phần mềm Office 365 Business ‐ 1 user ‐ 3 months,Phần mềm
P-195,Phần mềm Autodesk AutoCAD 2018 Commercial New Single-user ELD Annual Subscription,Phần mềm
P-196,Phần mềm Print Manager Plus 9.0 Standard Edition,Phần mềm
P-197,"Gia hạn bản quyền phần mềm Fortigate 100D - UTM Bundle (8x5 FortiCare plus NGFW, AV, Web Filtering, Botnet IP/Domain and Antispam Services)",Phần mềm
P-198,Phí sử dụng phần mềm Exchange Online (Plan 1)  - 21 user - 3 months,Phần mềm
P-199,Phần mềm IDM (IDM),Phần mềm
P-200,Phần mềm BackupAssist,Phần mềm
P-201,Phần mềm Exchange Granular add-on,Phần mềm
P-202,Phần mềm SQL Continuous add-on,Phần mềm
P-203,Phần mềm Teklynx Labelview 2015 Pro (Electronic Delivery),Phần mềm
P-204,Phần mềm SecurityGateway Annual License 25 User,Phần mềm
P-205,Phần mềm Skype for Business Online (Plan 2) - 12 months - 15 user,Phần mềm
P-206,Phần mềm SYMC ENDPOINT PROTECTION SBE 2013 PER USER HOSTED AND ONPREMISE SUB UPFRONT BILL EXPRESS BAND A SB SUPPORT 24 MONTHS,Phần mềm
P-207,Phần mềm Adobe Audition CC for teams All Multiple Platforms Multi Asian Languages Team Licensing Subscription New Education Named license 48 Months,Phần mềm
P-208,phần mềm Photoshop CC for teams All Multiple Platforms Multi Asian Languages Team Licensing Subscription New Education Named license 12 Months,Phần mềm
P-209,Phần mềm VideoStudio Pro X10 Education License (1-4),Phần mềm
P-210,Phí sử dụng phần mềm Office 365 Business - 8 months - 1 user,Phần mềm
P-211,"Máy tính xách tay Dell Vostro 3468 (K5P6W11)/Black/ Intel KabyLake i5-7200U (2.50GHz upto 3.10GHz, 3MB)/ Ram 4GB DDR4 / HDD 1 TB/ AMD Radeon R5 M420 2GB GDDR3 / 14 inch HD / DVDRW /WC + BT + WL / Dos",Máy tính
P-212,Pin máy tính xách tay (6cell),Phụ kiện
P-213,phần mềm Creative Cloud for teams All Apps ALL Multiple Platforms Multi Asian Languages Team Licensing Subscription New 10 months,Phần mềm
P-214,Dịch vụ triển khai cài đặt,Dịch vụ
P-215,Bản quyền phần mềm dùng cho máy vi tính AVG Anti virus Business Adition 1C 1Y,Phần mềm
P-216,phần mềm Central Endpoint Standar1-9 uers,Phần mềm
P-217,Phần mềm PowerDirector 16 Ultimate,Phần mềm
P-218,Phần mềm VMware vSphere 6 Standard Acceleration Kit for 6 processors,Phần mềm
P-219,Dịch vụ phần mềm Basic Support/Subscription VMware vSphere Standard Acceleration Kit for 6 processors for 1 year,Phần mềm
P-220,Bản quyền phần mềm ManageEngine OpManager Essential Edition – IPF Model Initial Product Fee for 100 Devices Pack + Annual Support fee for 100 Devices Pack,Phần mềm
P-221,Phần mềm FrameMaker International English AOO License,Phần mềm
P-222,Phần Mềm SecurityPlus Renewal 7000 User 1 Year,Phần mềm
P-223,Máy tính xách tay HP Probook 440 G5 3CH00PA,Máy tính
P-224,Phần mềm OneDrive for Business (Plan 1)- 60 months,Phần mềm
P-225,Bộ nhớ trong máy tính xách tay Kingston 8GB bus 2400,Phụ kiện
P-226,Ổ cứng gắn trong Samsung SSD 860 EVO 250 GB M2 Sata 250Gb,Phụ kiện
P-227,Phần mềm PaintShop Pro 2018 Corporate Edition Lic Single User,Phần mềm
P-228,"Phần mềm Endpoint Protection, Renewal Software Maintenance, 1-24 Devices 1 YR",Phần mềm
P-229,"Phần mềm Endpoint Protection, Initial Subscription License with Support, 1-24 Devices 1 YR",Phần mềm
P-230,Phần mềm Wondershare PDFelement 6 Professional - Single-User License (Windows),Phần mềm
P-231,Phần mềm O365XtraFileStrgOpn ShrdSvr SNGL SubsVL OLP NL Annual AddOn Qlfd,Phần mềm
P-232,Phí sử dụng phần mềm Office 365 Business -9 months,Phần mềm
P-233,Phần mềm SQLSvrStdCore 2017 SNGL OLP 2Lic NL CoreLic Qlfd,Phần mềm
P-234,Phần mềm SQLSvrEntCore 2017 SNGL OLP 2Lic NL CoreLic Qlfd,Phần mềm
P-235,Máy chủ Dell PowerEdge T330 8x3.5/E3-1220 v6/ 8GB RAM/ 1TB HĐ / DVDRW/ PERC H330/ On- Board LOM 1GBE/ Idarc8 Basic/ 495W PSU/ Bezel/3Yrs Pro,Phụ kiện
P-236,"Màn hình Dell E2216H 21.5"" Monitor",Phụ kiện
P-237,Bàn phím Dell KB216B USB,Phụ kiện
P-238,Chuột quang vi tính Dell MS116,Phụ kiện
P-239,Phần mềm Mdaemon Expired Renewal 2500 User,Phần mềm
P-240,Phần mềm SecurityPlus 500 User,Phần mềm
P-241,Phần mềm bảo mật Splunk Enterprise - Perpetual License 01 GB/Day,Phần mềm
P-242,Dịch vụ hỗ trợ Splunk Enterprise - Standard Support 01 GB/Day,Dịch vụ
P-243,Phí sử dụng phần mềm Microsoft Azure,Phần mềm
P-244,Phần mềm MDaemon 2000 User,Phần mềm
P-245,Phần mềm SecurityGateway for Email Servers 2000 user 1 year,Phần mềm
P-246,Máy tính bảng Lenovo Ideapad Mixx 320-80XF00GHVN Platinum,Máy tính
P-247,"Bộ lưu điện APC Smart-UPS màn hình LCD công suất 2200VA, điện áp 230V_SMT2200I",Phụ kiện
P-248,Phần mềm WinSvrCAL 2016 SNGL OLP NL UsrCAL,Phần mềm
P-249,Phần mềm ExchgStdCAL 2016 SNGL OLP NL UsrCAL,Phần mềm
P-250,Phần mềm ComponentOne Ultimate 2018 v2 - 1 Developer License - Includes 1 Year Subscription and Platinum Support,Phụ kiện
P-251,Phần mềm Product Design & Manufacturing Collection IC Commercial New Single-user ELD Annual Subscription,Phần mềm
P-252,Đăng ký tên miền,Phụ kiện
P-253,Phí sử dụng phần mềm Exchange Online (Plan 1) - 9 months,Phần mềm
P-254,Ổ cứng SSD Samsung 860 Evo 250GB M2.2280,Phụ kiện
P-255,Phần mềm Growing business 1 year,Phần mềm
P-256,Phần mềm MDaemon Renewal 1000 to 1200 User Upgrade,Phần mềm
P-257,Phần mềm SecurityGateway Annual License 1100 to 1150 User Upgrade 1 Year,Phần mềm
P-258,Phần mềm XYplorer Standard License Pro,Phần mềm
P-259,Bản quyền phần mềm Kaspesky Anti Virus cho 1 máy tính (KL1167MUAFS),Phần mềm
P-260,Phí sử dụng phần mềm Exchange Online (Plan 1) - 8 months,Phần mềm
P-261,Phí sử dụng phần mềm Office 365 Business -8 months,Phần mềm
P-262,Phần mềm Teamviewer Corporate Subscription,Phần mềm
P-263,Phần mềm SAP Crystal Reports 2016 Win Intl Nul (3 to 9),Phần mềm
P-264,Phần mềm VisioStd 2016 SNGL OLP NL,Phần mềm
P-265,Phần mềm PRTG 500 with 12 maintenance months included,Phụ kiện
P-266,Phần mềm Office Home and Student 2013 32-bit/x64 English APAC EM DVD (79G-03570),Phần mềm
P-267,Phần mềm Foxit PhantomPDF Standard 7.0 ( English),Phần mềm
P-268,Phần mềm Update from Corporate 10 to 11,Phần mềm
P-269,Phần mềm SYMC ENDPOINT PROTECTION 12.1 PER USER BNDL STD LIC EXPRESS BAND A ESSENTIAL 12 MONTHS (0E7IOZF0-EI1EA),Phần mềm
P-270,Phần mềm Photoshop CC Multiple Platforms Multi Asian languages Licensing Subscription license 1 USER Level 11-49 ( 12 months),Phần mềm
P-271,Phần mềm Access 2016 Sngl OLP NL,Phần mềm
P-272,Máy tính HP Workstation Z640 E5-2620v4/8G/1TB/VGA4G/DVDRW/K/M,Máy tính
P-273,Màn hình Dell U2515H 25Inch 2K QHD UltraSharp IPS,Phụ kiện
P-274,Máy tính xách tay Dell Inspiron 7460-N4I5259OW,Máy tính
P-275,Thiết bị chuyển mạch Cisco SB SF95D-08 8-port,Phụ kiện
P-276,Cáp mạng Cat6 30m,Phụ kiện
P-277,Bộ định tuyến Cisco C891F-K9,Phụ kiện
P-278,Phí sử dụng phần mềm Office 365 Business - 12 months,Phần mềm
P-279,Phần mềm Creative Cloud for teams All Apps with Adobe Stock ALL Multiple Platforms Multi Asian Languages  Team Licensing Subscription New- 12 months,Phần mềm
P-280,Phần mềm ABBYY FineReader 14 Standard,Phần mềm
P-281,"Máy tính xách tay Lenovo ThinkPad X280 20KFS01900 (core i5-8250U/8GB/256G SSD/12.5""/DOS)",Máy tính
P-282,Phần mềm SecureCRT (3-year),Phần mềm
P-283,Phần mềm VMware vCenter Server 6 Standard for vSphere 6 (Per Instance),Phần mềm
P-284,Dịch vụ phần mềm Production Support/Subscription VMware vCenter Server 6 Standard for vSphere 6 (Per Instance) for 1 year_VCS6-STD-P-SSS-C,Phần mềm
P-285,Máy in Laser đen trắng Canon LBP 2900 (H),Phụ kiện
P-286,Thiết bị chia mạng TP-Link SF1008D,Phụ kiện
P-287,Phần mềm lập trình CXONE-AL01D-V4-UP,Phần mềm
P-288,Chíp vi xử lý_INTEL_CORE I5-7500 3.4ghz (Giao PBH trên vỏ) + Quạt,Phụ kiện
P-289,Mạch chính VT_GIGABYTEGA_H110M_DS2,Phụ kiện
P-290,Bộ nhớ trong Apacer DDR4 DIMM 2400-16 1024x8 8GB GP (EK 08G2T GEC),Phụ kiện
P-291,Ổ cứng Western 1tb sata,Phụ kiện
P-292,Màn hình Samsung LED_LS19F350FHNEXV 18.5'',Phụ kiện
P-293,Bàn phím Genuis KB110USB,Phụ kiện
P-294,"Chuột máy tính Genuis RS, DX-120, USB, chiếc. G5 màu đen",Phụ kiện
P-295,Nguồn Orient ATX 450W,Phụ kiện
P-296,Vỏ máy tính Hantkey HT-055,Phụ kiện
P-297,Hỗ trợ kỹ thuật phần mềm Oracle Database Standard Edition 2 - Processor Perpetual (1 năm),Phần mềm
P-298,"Máy tính xách tay HP Pavilion 14-bf115TU (3MS11PA)-8250U R4H1T, 14"" Win 10, màu Bạc",Máy tính
P-299,Bộ nhớ trong Kingston 4G D4-2400U17 1RX16 UDIMM (KVR24N17S6/4),Phụ kiện
P-300,Ổ cứng PLEXTOR 128GB - PX-128S3C,Phụ kiện
P-301,Máy tính xách tay (NB)HP Probook 430 G5 Core i7-8550U/4GD4/256GSSD/13.3HD/FP/TPM/Wlac/BT4.1/3C48WHr/ALUp/BAC/DOS/LED_KB(2ZD52PA),Máy tính
P-302,"Máy tính xách tay Del INS15 3543 (696TP1) core i5-52U/4G/1TB/DVDRW/15.6""",Máy tính
P-303,"Gia hạn bản quyền phần mềm Fortigate 300D: UTM Protection (8x5 FortiCare plus Application Control, IPS, AV, Web Filtering and Antispam Services)",Phần mềm
P-304,Ổ cứng SSD Transcend MTS820 120GB M2.2280,Phụ kiện
P-305,Bộ nhớ trong Kingston 4Gb D4-2400S17 1Rx16 SODIMM(KVR24S17S6/4),Phụ kiện
P-306,Dịch vụ phần mềm Production Support/Subscription VMware vSphere 5 Essentials Plus Kit for 1 year,Phần mềm
P-307,"Gia hạn bản quyền phần mềm Fortigate 200B UTM Bundle (8x5 FortiCare plus NGFW, AV, Web Filtering and Antispam Services) (FC-10-00202-900-02-12)",Phần mềm
P-308,Phần mềm ESET NOD 32 Antivirus 1User 1Year EAV-1U1Y,Phần mềm
P-309,phần mềm Basic Support/Subscription VMware vSphere 6 Essentials Plus Kit for 1 year,Phần mềm
P-310,"Gia hạn bản quyền phần mềm Fortigate 60D- UTM Bundle (8x5 FortiCare plus NGFW, AV, Web Filtering, Botnet IP/Domain and Antispam Services).",Phần mềm
P-311,Phần mềm Trend Micro Titanium Maximum Security 3PC ( 1 Year ),Phần mềm
P-312,Phí sử dụng phần mềm Skype for Business Online (Plan 2) - 12 months - 2 user,Phần mềm
P-313,Phần mềm PRTG Network Monitor 500(PRTG-500),Phần mềm
P-314,Phí sử dụng phần mềm  Office 365 Business Premium - 12 tháng,Phần mềm
P-315,"Gia hạn bản quyền phần mềm UTM bundle (8x5 FortiCare Plus NGFW, AV, Web Filtering and Antispam Services)) (FC-10-00116-900-02-12)",Phần mềm
P-316,Phần mềm Vray for 3ds Max,Phần mềm
P-317,Phần mềm Mdaemon 50 to 100 User Upgrade,Phần mềm
P-318,Phần mềm SecurityPlus 100 to 140 User Upgrade,Phần mềm
P-319,Phần mềm Mdaemon Connector for Outlook 150 to 200 User Upgrade,Phần mềm
P-320,Dịch vụ phần mềm Production Support/Subscription VMware vSphere 6 Essential Plus Kit for 1 year_VS6-ESP-KIT-P-SSS-C,Phần mềm
P-321,Phần mềm Camtasia-9 Electronic 1 Single User Commercial,Phần mềm
P-322,Phần mềm Radmin 3 Remote Control - Additional 5- Client Access license,Phần mềm
P-323,"Màn hình LCD Dell E2417H 24 Inch Wide (1920x1060 FHD)/cổng VGA, Displayport",Phụ kiện
P-324,Máy tính để bàn Dell Inspiron 3470 (STI51315-8G-1T) không màn hình (core i5-8400/8GB/1TB/DVDRW/K+M),Máy tính
P-325,Phần mềm ESET File Security for Microsoft Windows,Phần mềm
P-326,Bản quyền phần mềm Kaspesky Total Security MD 1 năm cho 1 thiết bị (KL1919MCAFS),Phần mềm
P-327,"Phần mềm Endpoint Protection, Initial Subscription License with Support, 1-24 Devices 3 YR",Phần mềm
P-328,Phần mềm Eset Nod 32 Antivirus 3 user 1 year,Phần mềm
P-329,"Máy tính xách tay Lenovo Thinkpaf X250,i5-5200U(2.2GHz/3MB),4GB RAM,500GB 7200RPM, 12.5'' HD,Intel HD Graphics 5500,Wifi Intel 7265+BT4,HD Camera,FPR, 3cell LiPolymer Front+3cell LiPolymer Rear, No OS,3YWTY_20CLA009VA",Máy tính
P-330,Ổ cứng SSD Lite-on S900 256Gb sata (0401L256),Phụ kiện
P-331,"Máy chủ LNV x3650 M4, Xeon 6C E5-2620 95W 2.0GHz/1333MHz/15MB, 1x8GB, O/Bay HS 2.5in SAS/SATA, SR M5110e, 550W p/s, Rack",Phụ kiện
P-332,Ổ cứng cắm ngoài WD Elements 1 WX21A35J1T7V,Phụ kiện
P-333,Máy tính để bàn Asus K30AD-VN018D (90PD00K1-M03350)/Intel Pentium G3240 (3.1 GHz)/Ram 4GB DDR3/500GB HDD 7200 Rpm/Intel HD Graphisc/Gigabit LAN/24xDVD-RW/WL+BT//Keyboard & Mouse/Free Dos,Máy tính
P-334,"Ổ cứng GN WD My Passport Ultra Metal Edition 2TB 2.5"" USB 3.0 WDBEZW0020BBA",Phụ kiện
P-335,Phần mềm BACKUP EXEC SERVER ED WIN 1 SERVER ONPREMISE STANDARD LICENSE + ESSENTIAL MAINTENANCE BUNDLE INITIAL 12MO CORPORATE,Phần mềm
P-336,Máy tính để bàn Dell Optiplex 3020 MT-4160,Máy tính
P-337,Màn hình LED DELL  18.5’ – LED E1916HV,Phụ kiện
P-338,Máy quét ảnh hoặc tài liệu HP N6350-L2730A,Phụ kiện
P-339,"Ổ cứng gắn ngoài Seagate Backup Plus Slim Portable 1Tb 2.5'' USB3.0, màu đen",Phụ kiện
P-340,Thẻ nhớ USB Sandisk CZ73 16Gb USB3.0,Phụ kiện
P-341,Phần mềm Mdaemon 250 User SKU: MD_NEW_P1,Phần mềm
P-342,Dịch vụ phần mềm Basic Support Coverage VMware vCenter Server 6 Standard for vSphere 6 (Per Instance),Phần mềm
P-343,Phần mềm Update from Business 10 to 11,Phần mềm
P-344,"Máy tính để bàn Dell Precision T3620 MT(42PT36D007)/Intel Xeon E3-1270 v5(3.6GHz, 8Mb) Ram 32Gb(4x8Gb) 2133Mhz DDR4, SSD500Gb ,VGA 4Gb NVIDIA Quadro K220/DVDRW/Integrated Intel 82579 Gigabit Ethernet Controlller/Key+Mouse/Ubuntu/ 3y",Máy tính
P-345,Màn hình LCD Dell U2715H Wide LED 27 Inch,Phụ kiện
P-346,Phần mềm quản trị tập trung ESET Remote Administrator,Phần mềm
P-347,Phần mềm MDaemon Renewal 3500 to 4000 User Upgrade 2 Year,Phần mềm
P-348,Phần mềm SecurityPlus Renewal 3500 to 4000 User Upgrade 2 Year,Phần mềm
P-349,Phần mềm Production Support/Subsciption for VMwave Site Recovery Manager 6 Standard ( 25 VM Pack) for 1 Year,Phần mềm
P-350,Phần mềm MDaemon 100 users 1 year,Phần mềm
P-351,Phần mềm SYMC ENDPOINT PROTECTION 12.1 PER USER BNDL STD LIC EXPRESS BAND A ESSENTIAL 36 MONTHS(0E7IOZF0-EI3EA),Phần mềm
P-352,Pin máy tính xách tay LNV ( DNNBBT-IBMT410),Phụ kiện
P-353,Máy in Canon LBP151DW,Phụ kiện
P-354,Phần mềm SYMC ENDPOINT PROTECTION 14 PER USER BNDL STD LIC EXPRESS BAND A ESSENTIAL 36 MONTHS,Phần mềm
P-355,Phần mềm Basic Support/Subscription VMware vCenter Server 6 Standard for vSphere 6 (Per Instance) for 3 year,Phần mềm
P-356,Bộ lưu điện (UPS) santak 500 VA,Phụ kiện
P-357,Máy in laser Canon LBP6680x,Phụ kiện
P-358,Màn chiếu điện Grandview CB-MI106(16:9)GM,Phụ kiện
P-359,Giá treo máy chiếu EA-100,Phụ kiện
P-360,Gia Hạn dịch vụ bảo trì thiết bị Renewal Citrix NetScaler MPX 14020 Platinum Appliance License Program: ELA-3 Renewal Type: Reinstatement Maintenance Level: BRONZE,Dịch vụ
P-361,ĐTDĐ Apple Iphone 6S Plus 32GB,Phụ kiện
P-362,Điện thoại di động Samsung J7 Prime,Phụ kiện
P-363,"Máy tính xách tay Dell XPS 15 9570 (70158746)/ Silver/ Intel Core i7-8750H (2.20 GHz,9 MB)/ Ram 2x8GB/ 512GB SSD/ NVIDIA GeForce GTX 1050 Ti 4GB/ 15.6 inch Full HD/Win 10 + Office 365",Máy tính
P-364,Phí sử dụng phần mềm Office 365 Enterprise E3 - 12 tháng,Phần mềm
P-365,Máy ảnh Olympus Tough TG-5,Phụ kiện
P-366,Thẻ nhớ Sandisk SDSD XPA-016G ExtremePro SDHC 95MB/s 633X,Phụ kiện
P-367,"Bộ lưu trữ IBM TS4300 Tape Library Express, 2xLTO 6 HH FC Drive, 2x10m, FC Cable, 2 x LTO Cleaning, Fibre tape drive Suport, Rack Mount Kit, PC-3555-L3A",Phụ kiện
P-368,Máy tính Dell Vostro 3670MT (70157885)/ Core i3-8100 (3.60 GHz 6MB)/ 1TB HDD/ DVDRW/WL+BT Card/ Mouse/ Keyboard/ Ubuntu/ 1Yr,Máy tính
P-369,Điện thoại DĐ Apple iPhone 8 Plus 64G-Gray(Chính hãng),Phụ kiện
P-370,Điện thoại Apple iPhone X 64Gb Gray(A1901),Phụ kiện
P-371,Điện thoại IPhone 6 32 GB VN/A (Vàng Đồng),Phụ kiện
P-372,"phần mềm Nagios XI 200-Node License, 1 Year Email Support and Maintenance Plan",Phần mềm
P-373,Phần mềm Nagios XI Enterprise License Add-on with 1 Year Maintenance,Phần mềm
P-374,Phần mềm InDesign CC ALL Multiple Platforms Multi Asian Languages Team Licensing Subscription New - 12 months,Phần mềm
P-375,Máy tính xách tay Asus X541UA-GO1372T/ Đen( Core i3-7100U 4GB/ 1TB/15.6”/ WIN10),Máy tính
P-376,Điện thoại Apple iPhone 8 Plus/ 64GB (Gray),Phụ kiện
P-377,ĐTDĐ Apple Iphone 7 - 32 GB Chính hãng,Phụ kiện
P-378,Ổ cứng Western Blue 1TB 7200rpm SATA3 64Mb,Phụ kiện
P-379,Chíp vi xử lý CPU AMD Ryzen 5 1400,Phụ kiện
P-380,Bộ bàn phím chuột Logitech MK120,Phụ kiện
P-381,Màn hình Dell E2016HV 19.5Inch LED,Phụ kiện
P-382,Laptop Dell Latitude 3440 Corei5 (L4I5H005),Phụ kiện
P-383,Chuột quang Dell MS111 Black USB (DELL-MS111),Phụ kiện
P-384,Dịch vụ bảo hành mở rộng hai năm cho Laptop Dell Latitude 3440 L4I5H/Intel Haswell Core i5-4210U/Ram 4GB DDR3/500Gb HDD,Dịch vụ
P-385,Phần mềm Autodesk AutoCAD LT Commercial Subscription (1year) (05700-000000-9860),Phần mềm
P-386,Phần mềm Autodesk ACADLT 2016 RL2 DVD Sub(057H1-R23461-1151),Phần mềm
P-387,Phần mềm Creative Cloud for teams All Multipe platform Liscesing Sub_65206838BA01A12 (65206838BA01A12),Phần mềm
P-388,Phần mềm Adobe Premiere Pro Cc All Multiple Platforms Multi Asia Language Licensing Subscription-65226033BC01A12 (65226033BC01A12),Phần mềm
P-389,Phần mềm Audition All MLP License Subscription Multi Asia Languages Promo-65226084BA01A12-1 Year,Phần mềm
P-390,"Ổ cứng GN WD My Passport Ultra Anniversary Edition 1TB 2.5"" USB 3.0",Phụ kiện
P-391,Hỗ trợ kỹ thuật Phần mềm 1 năm Oracle MySQL Standard Edition Subscription (1-4 socket server),Phần mềm
P-392,Phần mềm Red Hat Enterprise Linux Server Premium (1-2 sockets) (Up to 1 guest) 1 Year_RH0155783,Phần mềm
P-393,"Máy tính xách tay Lenovo ThinkPad T450(20BUCT01WW) Intel Core i5-4300U(1.9Ghz, 3MB)/4gb DDR3/500Gb HDD 7200rpm/Intel HD Graphics 4400/14HD WLED/WC+WL+BT/FB/6 Cell Cylindrical/Dos/3Y",Máy tính
P-394,Ram Kingston 4Gb DDR3L-1600C11 SODIMM 1.35V (KVR16LS11/4),Phụ kiện
P-395,Chuột Quang Không Dây Logitech M325,Phụ kiện
P-396,Bo mạch chính ASUS,Phụ kiện
P-397,Bộ vi xử lý Intel haswell Pentium G3240,Phụ kiện
P-398,Bộ nhớ trong Kingston 4GBD3-1600,Phụ kiện
P-399,Ổ cứng 500GB(Blue) Sata3 16MB,Phụ kiện
P-400,Nguồn máy tính Huntkey CP-350,Phụ kiện
P-401,Vỏ máy tính Orient 3008B,Phụ kiện
P-402,Màn hình máy tính Samsung LS19D300,Phụ kiện
P-403,Chuột vi tính Fuhlen L102,Phụ kiện
P-404,Bàn phím vi tính Fuhlen L411,Phụ kiện
P-405,Phần mềm Kerio Control Sophos AV 25 User - 1 year,Phần mềm
P-406,Máy in laser Canon Đa Chức Năng MF4870DN,Phụ kiện
P-407,Phần mềm SYMC BACKUP EXEC 15 SERVER WIN PER SERVER BNDL STD LIC EXPRESS BAND S ESSENTIAL 12 MONTHS,Phần mềm
P-408,Phần mềm SYMC BACKUP EXEC 15 AGENT FOR APPLICATIONS AND DATABASES WIN PER SERVER BNDL STD LIC EXPRESS BAND S ESSENTIAL 12 MONTHS,Phần mềm
P-409,Phần mềm SYMC BACKUP EXEC 15 AGENT FOR WINDOWS WIN PER SERVER BNDL STD LIC EXPRESS BAND S ESSENTIAL 12 MONTHS,Phần mềm
P-410,Phần mềm Adobe Premiere Pro Cc All Multiple Platforms Multi Asia Language Licensing Subscription-65226033BA01A12 (65226033BA01A12),Phần mềm
P-411,Phần mềm SketchUp Pro 2016 New Single User + 1 year Maintenance & Support,Phần mềm
P-412,Phần mềm Autodesk 3ds Max 2016 Commercial New Single-user ELD 2-Year Subscription with Basic Support ACE PROMO,Phần mềm
P-413,Phần mềm Creative Cloud for teams - All Apps ALL Multiple Platforms Multi Asian Languages Licensing Subscription (2 Year),Phần mềm
P-414,Phần mềm Creative Cloud for teams All Apps ALL Multiple Platforms Multi Asian Languages Team Licensing Subscription Renewal Level 1 Partner Price Lock only 1 User (1 Year),Phần mềm
P-415,Máy tính xách tay Dell Vostro V5480(70057780)/ Intel Core i5_5200U(2.2Ghz-3Mb Cache)/Ram 4Gb DDR3/HDD 500Gb Hybrid/2Gb NVidia GT830M/14Inch LED/WC+WL+BT/3 cell/Win8.1,Máy tính
P-416,Chuột không dây Dell WM123 (WM123),Phụ kiện
P-417,Phần mềm Autodesk Building Design Suite Ultimate 2017 Commercial New Single-user ELD Annual Subscription with Advanced Support,Phần mềm
P-418,"Ổ cứng gắn ngoài WD Digital 500gb 3.5""",Phụ kiện
P-419,Phần mềm PRTG1000 with 12 maintenance months,Phần mềm
P-420,Phần mềm ManageEngine ADManager Plus Professional Edition,Phần mềm
P-421,Máy in HP Laserjet Pro M402DN (C5F94A) - 01 Y,Phụ kiện
P-422,"Thiết bị thu phát sóng không dây LinkSYS, N600 SMART WI-FI ROUTER With GIGABIT ETHERNET_EA2750",Phụ kiện
P-423,Phần mềm Photoshop CC ALL Multiple Platforms Multi Asian Languages Licensing Subscription Monthly 1 USER (12 Months),Phần mềm
P-424,Phần mềm Creative Cloud for teams - complete Multiple Platforms Multi Asian Languages Licensing Subscription license 1 USER Level 1 1 - 49 12 Months Education Named,Phần mềm
P-425,Thiết bị tường lửa Fortigate 90D,Phụ kiện
P-426,"Máy tính xách tay Dell Vostro 3459 (70071892) Black/ Intel Skylake Core i5-6200U(2.3Ghz, 4Mb)/Ram 4Gb/HDD 500Gb/Intel HD Graphics 520/14Inch HD/WLED/DVDRW/WC+WL+BT/Dos",Máy tính
P-427,Phần mềm WinSvrDataCtr 2012R2 SNGL OLP NL Acdmc 2Proc Qlfd,Phần mềm
P-428,"Máy tính xách tay Dell Vostro 3468(70088614) Black/Intel Kabylake Core i5-7200U (2.5GHz, 3Mb) Ram 4Gb DDR4/HDD 1TB/Intel HD Graphics 620/14Inch/DVDRW/WC +BT+WL/Ubuntu",Máy tính
P-429,"Máy tính xách tay Lenovo Thinkpad X270, i7-7600U(2.8/4Mb)4Gb DDR4, 256Gb SSD ,12.5"" HD. FPR, 3 cell Rear, No OS, ThinkPad Bluetooth Laser Mouse, 3Y, WTY_20HM000JVA",Máy tính
P-430,Máy scan Plustek PN2040,Phụ kiện
P-431,Phần mềm OmniPlan 3 Pro,Phần mềm
P-432,Phần mềm Autodesk 3ds Max 2018 Commercial New Single-user  ELD Annual Subscription SPZD,Phần mềm
P-433,Phần mềm Lansweeper Standard (Up to 500 Assets) 03 year,Phần mềm
P-434,Phần mềm Photoshop CC for team ALL Multiple Platforms Multi Asian Languages Team Licensing Subscription New - 23 months,Phần mềm
P-435,Phần mềm Illustrator CC for teams ALL Multiple Platforms Multi Asian Languages Team Licensing Subscription New - 23 months,Phần mềm
P-436,Phần mềm Autodesk ReCap PRO 2018 Commercial New Single-user ELD Annual Subscription,Phần mềm
P-437,Phần mềm Upgrade from Business 11 to Corporate 12,Phần mềm
P-438,"Máy tính xách tay Lenovo ThinkPad T470s, i7-7600U(2.8GHz/4MB),2x4GB DDR4,256GB SSD, 14' FHD, FPR, 3CELL FROUNT + 3CELL REAR, No OS, Thinkpad Bluetooth Laser Mouse, 3Y WTY_20HGA08KVA",Máy tính
P-439,Ổ cứng Plextor 512G-PX-512M6V,Phụ kiện
P-440,Máy tính xách tay Dell Vostro 14 3468 Intel core i5-7200U(2.50GHz/3MB)/4GB Ram/1TB HDD/DVDRW/14inch HD/WL+BT/WC/Fingerprint/Ubuntu/black(70088614) - 01Y/Túi,Máy tính
P-441,Bộ micro và loa kết hợp Jabra Speak 510MS (7510-109),Phụ kiện
P-442,Micro hội nghị BOYA-BY-MC2,Phụ kiện
P-443,Micro máy tính Yingbao Pro-10A,Phụ kiện
P-444,SC - P5000 Máy in Epson,Phụ kiện
P-445,Phần mềm Radius Manager Pro,Phần mềm
P-446,Phần mềm giám sát mạng PRTG cho 1000 thiết bị Modern PRTG 1000 v9 2014(PRTG-1000V92014,Phần mềm
P-447,"Phần mềm ManageEngine ADmanager plus professional Edition- Subscription Model, annual subscription free for 01 Domain (Unrestricted Objects)",Phần mềm
P-448,Phí sử dụng phần mềm Office 365 Business - 20 user - 1 year,Phần mềm
P-449,phần mềm Power Director 15 Ultra,Phần mềm
P-450,Phần mềm Office ProPlus 2016 SNGL OLP NL,Phần mềm
P-451,Máy tính xách tay Fujitsu LIFEBOOK E736 Intel core i5-6200U / ram 4GB / HDD 500gb / 13.3'HD/ No Camera + 2xdigital MIC/ AC Adapter (3 pin) 65W/19V/6cell 63Wh/ No Finger Print / No Smart card/ No OS,Máy tính
P-452,Bộ lưu điện UPS Santak TRUE ONLINE C2K,Phụ kiện
P-453,Phần mềm Autodesk AutoCAD LT 2018 Commercial New Single-user ELD 2-Year Subscription,Phần mềm
P-454,Thiết bị lưu trữ Synology - Hộp ổ cứng gắn ngoài kết nối mạng LAN USB 3.0 - RS816,Phụ kiện
P-455,Bộ phụ kiện hộp ổ cứng Synology thanh trượt Slide Rail Kits - RKS 1317,Phụ kiện
P-456,Phần mềm VERITAS BACKUP EXEC 16 AGENT FOR WINDOWS WIN ML PER SERVER BNDL BUS PACK ESSENTIAL 12 MONTHS CORPORATE_17759-M1,Phần mềm
P-457,Phần mềm TrendMicro Maximum Security,Phần mềm
P-458,Phần mềm Creative Cloud for teams All Apps ALL  Multiple Platforms Multi Asian Languages Team Licensing Subscription Renewal 12 months,Phần mềm
P-459,Phần mềm SharePointSvr 2016 SNGL OLP NL,Phần mềm
P-460,Ổ cứng gắn ngoài WD My Passport 3TB,Phụ kiện
P-461,Ổ cứng dùng cho máy chủ HDD HP 300GB 10K SAS 2.5,Phụ kiện
P-462,Máy in Laser HP M402D-C5F92A,Phụ kiện
P-463,"Phần mềm Renew Kerio Control, Kerio Antivirus Server Extension, 25 users",Phần mềm
P-464,Phần mềm Add - In A - Tools,Phần mềm
P-465,Phần mềm AutoCAD - including specialized toolsets AD Commercial New,Phần mềm
P-466,Phần mềm InDesign CC for teams ALL Multiple Platforms Multi Asian Languages Team Licensing Subscription New - 12 months,Phần mềm
P-467,Phần mềm IP-Guard addtional 17 agents with 9 modules,Phần mềm
P-468,Phần mềm Creative Cloud for teams All Apps ALL Multiple Platforms Multi Asian Languages Team Licensing Subscription New Education Named license 12 months,Phần mềm
P-469,Thiết bị chia mạng D-link DGS-1024C (vỏ sắt),Phụ kiện
P-470,"Phần mềm Renew Kerio Control, Kerio Antivirus Server",Phần mềm
P-471,Phần mềm Office 365 Business - 12 months,Phần mềm
P-472,Phần mềm Inventor Professional 2019 Commercial New Single-user ELD Annual Subscription,Phần mềm
P-473,Phần mềm Creative Cloud for teams All Apps ALL Multiple Platforms Multi Asian Languages Team Licensing Subscription Renewal (65270765BA02A12),Phần mềm
P-474,Phần mềm Win Ult 7 SP1 x64 English 1pk DSP OEI (GLC-02389),Phần mềm
P-475,Phần mềm NIS2014-1U (NIS2014-1U),Phần mềm
P-476,Phần mềm WinSvrCAL 2012 SNGL OLP NL UsrCAL (R18-04281),Phần mềm
P-477,Phần mềm hỗ trợ tường lửa: 1 year UTM SW Network Protection UPTO 250Users,Phần mềm
P-478,Phần mềm AddOn Channel 10,Phần mềm
P-479,Phần mềm O365MdsBsnssOpen ShrdSvr SNGL SubsVL OLP NL Annual Qlfd MRenewalSKU,Phần mềm
P-480,Phần mềm Win SL 8.1 x32 Eng Intl 1pk DSP OEI EM DVD (4HR-00220),Phần mềm
P-481,Phần mềm BACKUP EXEC AGENT FOR WIN 1 SERVER ONPREMISE STANDARD LICENSE + ESSENTIAL MAINTENANCE BUNDLE INITIAL 12MO CORPORATE,Phần mềm
P-482,"Máy tính để bàn Dell Optiplex 3040SFF(70074620) Intel Core i3-6100(2*3.7Ghz, 3Mb) Ram 4Gb DDR3 1600MHz/500Gb HĐ/Ỉtel HD Graphics 530/DVDRW/Key & Mouse/Ubuntu",Máy tính
P-483,Màn hình Dell E1715s-Backlight LED 17 inch vông,Phụ kiện
P-484,Bộ lưu điện UPS Santak TG500VA,Phụ kiện
P-485,Cạc máy chủ Intel Ethernet I350 QP 1Gb,Phụ kiện
P-486,Ổ cứng Western Purple 4Tb IntelliPower SATA3 64Mb,Phụ kiện
P-487,Thiết bị chuyển mạch Dual Wan Gigabit Router 24P_LRT224,Phụ kiện
P-488,"Máy tính chủ HP DL 380 G9 CTO 2xE5-2660V3(2.6GHz)/10Core/25Mb, 128Gb Ram(8x16Gb)2x300Gb HDD, DVDRW, SAP440ar/2Gb, 356FLR Adapter, Nic 331i, Security Benzel, Easy Install Rail Kit, 2x800W PS, 3xDP SP Windows E-LTU, Rack 2U, 3Y WTY_719064-B21",Máy tính
P-489,"Máy tính chủ HP DL120 G9 CTO E5-1620v3(3.5GHz/4Core/10MB), 32GB RAM(2x16GB), 2x300GB HDD, SA P440/4G, Install Rail Kit, 2x900W PS, Rack1U, 3Y WTY_777426-B21",Máy tính
P-490,"Bộ chuyển mạch HPE 5510 24G 4SFP+ HISwch, 3Y WTY (93557091; A9)_JH145A",Phụ kiện
P-491,"Thiết bị chuyển mạch HPE 8/24 Base 16-port Enabled Switch, 3Y WTY_AM868C",Phụ kiện
P-492,Cạc nối máy chủ với thiết bị lưu trữ Lenovo Qlogic 8Gb FC Dual-port HBA for Lenovo System X-42D0510,Phụ kiện
P-493,EXTRA! X-treme Licensed Unit Level D,Phụ kiện
P-494,Phần mềm EXTRA! X-treme Maintenance Level D,Phần mềm
P-495,Phần mềm SYMC ENDPOINT PROTECTION 12.1 PER USER RENEWAL ESSENTIAL 12 MONTHS EXPRESS BAND A (0E7IOZZ0-ER1EA),Phần mềm
P-496,Phần mềm VMware vSphere 6 with Operations Management Enterprise Plus for 1 processor,Phần mềm
P-497,Dịch vụ phần mềm Production Support/Subscription VMware vSphere 6 with Operation Management Enterprise Plus for 1 processor for 1 year,Phần mềm
P-498,Phần mềm Kis MD Kaspersky (5Pc),Phần mềm
P-499,Phần mềm OfficeStd 2016 SNGL OLP NL Acdmc,Phần mềm
P-500,Phần mềm WinPro 10,Phần mềm
P-501,Dịch vụ phần mềm Basic Support/Subscription VMware vRealize Operations 6 Standard (Per CPU) for 1 year_VR6-OSTDC-G-SSS-C,Phần mềm
P-502,"Phần mềm MySQL Standard Edition Subscription (1-4 socket server) (Server,1year)",Phần mềm
P-503,Phần mềm Autodesk Inventor Professional 2018 Commercial New Multi-user ELD Annual Subscription SPZD,Phần mềm
P-504,Phần mềm Photoshop Elements 15 Multiple Platforms International English AOO License,Phần mềm
P-505,Phần mềm Basic Support/Subscription VMware vSphere 6 Standard for 1 processor for 3 year,Phần mềm
P-506,Bản quyền phần mềm Kaspesky Anti Virus cho 3 máy tính (KL1171MCCFS),Phần mềm
P-507,Tấm mạch in đã lắp ráp MSI H81M-P33,Phụ kiện
P-508,Bộ vi xử lý Intel Haswell Pentium G3250 3.2ghz+quạt,Phụ kiện
P-509,Bộ nhớ trong DDR3 4Gb 1600Mhz (Crucial/Dato/Patriot/Silicon/Adata),Phụ kiện
P-510,Nguồn máy tính Hantkey HT-500,Phụ kiện
P-511,Bàn phím Genius KB-110 (USB),Phụ kiện
P-512,"Chuột máy tính Genius DX 110X, Black USB",Phụ kiện
P-513,Ô cứng Western 500Gb sata,Phụ kiện
P-514,Phần mềm SQLSvrStdCore 2016 SNGL OLP 2Lic NL CoreLic Qlfd (7NQ- 00806),Phần mềm
P-515,Dịch vụ phần mềm Production Support/Subscription VMware vSphere 6 Standard for 1 processor for 1 year,Phần mềm
P-516,Phần mềm Veritas ESSENTIAL 12 MONTHS RENEWAL FOR NETBACKUP DEDUPLICATION DATA PROTECTION OPTIMIZATION OPT XPLAT 1 FRONT END TB ONPREMISE STANDARD PERPETUAL LICENSE CORPORATE,Phần mềm
P-517,Phần mềm Cube IQ,Phần mềm
P-518,Phần mềm After Effects CC for teams ALL Multiple Platforms Multi Asian Languages Team Licensing Subscription Renewal 12 months,Phần mềm
P-519,"Camera quan sát IP TV-IP450P (1.3MP, POE + Dome outdoor) hiệu TRENDnet",Phụ kiện
P-520,Máy chiếu ảnh Epson EB-X31,Phụ kiện
P-521,Gia han hỗ trợ phần mềm/ Renewal of Software Support Subscription for Veeam backup & Replication,Phần mềm
P-522,Phần mềm CorelDRAW Graphics Suite 2017 Single User License,Phần mềm
P-523,Phần mềm ExchgeOnlnPlan1Open ShrdSvr SNGL Subs VL OLP NL Annual Qlfd (Q6Y-00003),Phần mềm
P-524,phần mềm Offce 365 Pro Plus,Phần mềm
P-525,phần mềm Annual Basic Maintenance Renewal - Veeam Backup Essentials Enterprise 2 socket bundle for VMware,Phần mềm
P-526,phần mềm 2 additional years of Basic maintenance prepaid for Veeam Backup Essentials Enterprise 2 socket bundle for VMware,Phần mềm
P-527,Thiết bị chuyển mạch Aruba 2930F 48G 4SFP SWITCH - JL260A,Phụ kiện
P-528,"Thiết bị chuyển mạch Aruba IAP-315(RW) AP-JW811A: 1X PD-9001GR-AC 1P GE 802.3AT MIDSPAN-JW629A, 1X AP-220-MNT-W1W MT BASIC WHITE KIT-JW047A, 1XXPC-AC-AC-EC CONTINENTAL EUROPEAN/SCHUKO AC POWER CORD-JW118A-1XHPE 1Y PARTNER-BRANDED NBD SUPPORT SVC-HPE ARUBA",Phụ kiện
P-529,Thiết bị kết nối không dây Optoma HDCast Pro,Phụ kiện
P-530,Máy chiếu Sony VPL-CH350,Phụ kiện
P-531,Cáp HDMI 5APRO866 20m,Phụ kiện
P-532,"Dây tín hiệu VGA 1,5m",Phụ kiện
P-533,Phần mềm OfficeMacStd 2016 SNGL OLP NL,Phần mềm
P-534,Phần mềm Workshare Professional 1 Year Subsrciption License(WORKSHARE-PRO-1Y),Phần mềm
P-535,phần mềm Creative Cloud for teams All Apps ALL Multiple Platforms Multi Asian Languages Team Licensing Subscription New Education Device license 12 months,Phần mềm
P-536,Cáp mạng Cat6 1m,Phụ kiện
P-537,Cáp mạng Cat6 2m,Phụ kiện
P-538,Cáp mạng Cat6 3m,Phụ kiện
P-539,Cáp mạng Cat6 5m,Phụ kiện
P-540,Phần mềm SQLCAL 2016 SNGL OLP NL DvcCAL,Phần mềm
P-541,Phần mềm NXPowerLite for File Servers 7 1TB Credit,Phần mềm
P-542,Thẻ cào CMC Interner Security BQ 12 tháng,Phụ kiện
P-543,Bộ nhớ HPE 16GB 1Rx4 PC4-2400T-R Kit_805349-B21,Phụ kiện
P-544,"Phần mềm Kaspersky Hybrid Cloud Security, CPU (PL Renew)",Phần mềm
P-545,Máy tính để bàn Dell Inspiron 3670MT 70157879(Core i5-8400/8GB/1TB/DVDRW/K+M/DOS),Máy tính
P-546,Phần mềm diệt virus Bitdefender Internet Security 1u/1y,Phần mềm
P-547,Phần mềm Gsuite basic 6 Month,Phần mềm
P-548,Phần mềm PrjctPro 2016 SNGL OLP NL w1PrjctSvrCAL,Phần mềm
P-549,"Màn hình  Dell UltraSharp U2917W 29""",Phụ kiện
P-550,Phần mềm Veeam Backup & Replication Standard,Phần mềm
P-551,Ổ cứng gắn trong Samsung SSD 860 EVO 250GB Model: MZ-76E250BW,Phụ kiện
P-552,"Bộ lưu điện SRT công suất 6000VA, điện áp 230V_SRT6KXLI",Phụ kiện
P-553,Bộ máy tính,Phụ kiện
P-554,Bộ thu phát Linksys LAP AC1750 POE,Phụ kiện
P-555,Phí sử dụng phần mềm Office 365 Business Essentials - 12 tháng,Phần mềm
P-556,Phần mềm Adobe Audition CC for teams ALL Multiple Platforms Multi Asian Languages Team Licensing Subscription New - 12 months,Phần mềm
P-557,"Máy tính để bàn Dell Vostro 3470 - Intel Core  i3-8100 (3.60 GHz, 6MB), 8GB  DDR4, 1TB HDD 7200rpm, Intel UHD Graphics 630, DVD-RW, Wifi + bluetooth, chuột, Phím, Ubuntu",Máy tính
P-558,Phần mềm WebStorm Commercial annual subscription (1 Year),Phần mềm
P-559,Cổng nối mạng Dinstar DAG2000-16S,Phụ kiện
P-560,Thiết bị chia mạng TP- link SG1024D,Phụ kiện
P-561,Cạc kết nối máy chủ với thiết bị lưu trữ Lenovo Emulex 8Gb FC Single - port HBA for Lenovo System X - 42D0485,Phụ kiện
P-562,Bộ nhớ trong DDR3 Kingstons 4GB bus 1600,Phụ kiện
P-563,Bộ nhớ trong Kingston 8G D4-2400U17 1Rx8 nonECC 288P,Phụ kiện
P-564,Phần mềm G Suite Basic 1 Month,Phần mềm
P-565,"Phần mềm Kaspersky Endpoint Security For Business-Select
(PL )",Phần mềm
P-566,Phần mềm Basic support/subscription VMware vSphere 6 standard for 1 processor 1year,Phần mềm
P-567,Phần mềm Oracle Database Standard Edition 2 - Processor Perpetual,Phần mềm
P-568,Hỗ trợ kỹ thuật phần mềm Oracle Database Standard Edition 2 - Named User Plus Perpetual (1 năm),Phần mềm
P-569,Phần mềm Winrar (WINRAR),Phần mềm
P-570,Phí sử dụng phần mềm Office 365 Business Essentials - 9 months,Phần mềm
P-571,Phần mềm Autodesk AutoCADLT 2016 RL2 DVD WOS (057H1-R26340-3491),Phần mềm
P-572,Máy chiếu Sony VPL-EX295(công suất trên 300inch),Phụ kiện
P-573,Phần mềm Win HmBasic 7 SP1 x64 English SEA 1pk DSP OEI (F2C-01535),Phần mềm
P-574,Phần mềm Winrar Archiver 25-49 Users-Anunual Maintenance,Phần mềm
P-575,Phần mềm Veeam Backup Essentials Standard 2 socket bundle for VMware,Phần mềm
P-576,"Phần mềm 24/7 maintenance uplift, Veeam Backup Essentials Standard 2 socket bundle for VMware – ONE year",Phần mềm
P-577,phần mềm Autodesk AutoCAD LT 2017 Commercial New Single-user ELD 2-Year Subscription with Advanced Support PROMO,Phần mềm
P-578,Phần mềm Autodesk AutoCAD LT 2017 Commercial New Single-user ELD 3-Year Subscription with Advanced Support ELD (057I1-WW3033-T744),Phần mềm
P-579,Phần mềm Eset NOD32 Antivirus 1Y1U,Phần mềm
P-580,"Máy tính xách tay HP Probook 440 G3 (X4K48PA) Intel Core i5-6200U(2.3GHz up to 2.8GHz, 3MB)/ Ram 4GB DDRL4 (2 khe ram)/ 256GB SSD HDD/Intel HD Graphics/ 14 inch Full HD/FingerPrint/ VGA/HDMI card reader/4 cell/ Lan+WC+WL+BT/Free Dos/ 1Y Wty",Máy tính
P-581,phần mềm Basic Support/Subscription for VMware Horizon 7 Standard Add-On: 10 Pack (CCU) for 1 year (Thời hạn: 5 years),Phần mềm
P-582,phần mềm Autodesk AutoCAD 2018 Commercial New Multi-user ELD Annual Subscription,Phần mềm
P-583,Bảng mạch chính ASUS H110M-D,Phụ kiện
P-584,Bộ vi xử lý Intel Pentium G4400-3.30Ghz + Quạt,Phụ kiện
P-585,Bộ nhớ trong Kingston 4GD4-2133C15,Phụ kiện
P-586,Nguồn Acbel HK 350w,Phụ kiện
P-587,Màn Hình SamSung S20D300NHMXV,Phụ kiện
P-588,Vỏ Case ATX ORIENT 3008,Phụ kiện
P-589,phần mềm IBM MAIL DUAL ENTITLEMENT PLUS APPLICATIONS AUTHORIZED USER PER MONTH,Phần mềm
P-590,Phần mềm ReSharper Ultimate Switch from ReSharper perpetual valid 1 Year,Phần mềm
P-591,Bộ nhớ trong GSkill F4-2133C15D-8GVR (4GB),Phụ kiện
P-592,Phần mềm WinSvrCAL 2016 SNGL OLP NL DvcCAL,Phần mềm
P-593,"Hộp máy tính Intel NUC KIT BOXNUC7I3BNH UCFF (Bao gồm: Mạch chính có tích hợp chip xử lý Intel Core I3-7100U 2.4GHz, vỏ)",Phụ kiện
P-594,Bộ nhớ trong Kingston 4GB DDR4 2133 C15 SODIMM 1.2V (KVR21S15S8/4),Phụ kiện
P-595,Ổ cứng Hitachi-HGST 2.5' 500GB - 7mm - 1W10013,Phụ kiện
P-596,Cáp chuyển đổi HDMI to VGA,Phụ kiện
P-597,Phần mềm Kaspersky Anti - Virus for File Server (Base),Phần mềm
P-598,Bộ nhớ RAM của máy tính hiệu ADATA DDR3U-DIMM 1600512X84GB11-SINGLE TRAY (AD3U1600W4D11-S),Phụ kiện
P-599,Điện thoại kéo dài Panasonic KX-TGC212-Bạc,Phụ kiện
P-600,PHẦN MỀM DÙNG CHO MÁY VI TÍNH AVG FILE SERVER EDITION 3C 3Y,Phần mềm
P-601,Bộ lưu điện (UPS) santak 1000 VA,Phụ kiện
P-602,Máy tính Dell Vostro 3669 Desktop Core i5-7400/4GB Ram/1TB HDD/DVDRW/Wireless-Bluetooth/Mouse/keyboard/,Máy tính
P-603,Màn hình Dell LED P1917S-19',Phụ kiện
P-604,Máy in Canon LBP6230dn,Phụ kiện
P-605,Ổ cứng lắp trong Western Digital RED 2TB3.5 - WD20EFRX,Phụ kiện
P-606,Phần mềm diệt virus Trendmicro Worry Free Security Standard New 1 Year,Phần mềm
P-607,Phần mềm SQLCAL 2017 SNGL OLP NL UsrCAL,Phần mềm
P-608,Phần mềm quản lý dự án Primavera P6 Professional Project Management (Application User; Perpetual),Phần mềm
P-609,"Dây HDMI đồng 100%, 19+1 dài 1.5M Ugreen (10128)",Phụ kiện
P-610,Phần mềm Nagios XI Maintenance (100 Node),Phụ kiện
P-611,Phần mềm Adobe Premiere Pro CC for teams ALL  Multiple Platforms Multi Asian Languages Team Licensing Subscription New 36 months,Phần mềm
P-612,Phần mềm After Effects CC for teams ALL Multiple Platforms Multi Asian Languages Team Licensing Subscription New - 12 months,Phần mềm
P-613,"Thiết bị thu phát vô tuyến Vigor AP910C, hiệu Draytek",Phụ kiện
P-614,Phần mềm CD-ROM STAHLSCHLÜSSEL – Key to steel 2.4 edition 2016 (Standalone),Phần mềm
P-615,Điện thoại Xiaomi Redmi Note5 32G DGW,Phụ kiện
P-616,Phần mềm WinSvrCAL 2012 SNGL OLP NL DvcCAL R18-04277 (R18-04277),Phần mềm
P-617,Phần mềm bản quyền Microsoft SQLCAL 2014 SNGL OLP NL UsrCAL(359-06098),Phần mềm
P-618,Phần mềm Autodesk T-Splines Plug-in for Rhino 4 Commercial New SLM,Phần mềm
P-619,Phần mềm AddOn Channel11,Phần mềm
P-620,Phần Mềm VSPro 2015 SNGL OLP NL,Phần mềm
P-621,Phần mềm SYMC ENDPOINT PROTECTION 12.1 PER USER BNDL STD LIC GOV BAND A ESSENTIAL 36 MONTHS_0E7IOZF0-EI3GA (0E7IOZF0-EI3GA),Phần mềm
P-622,Phần mềm WinSvrCAL 2012 SNGL OLP NL Acdmc DvcCAL,Phần mềm
P-623,Phần mềm Autodesk AutoCAD Civil 3D 2018 Commercial New Single-user ELD Annual Subscription SPZD,Phần mềm
P-624,phần mềm Autodesk 3ds Max 2018 Commercial New Single-user Additional Seat Quarterly Subscription SPZD,Phần mềm
P-625,phần mềm Autodesk Maya 2017 Commercial New Single-user Additional Seat Quarterly Subscription SPZD,Phần mềm
P-626,Bộ nhớ Ram của máy vi tính hiệu GEIL 4GB DDR4 19200 2400MHz SC (GP44GB2400C16SC),Phụ kiện
P-627,"Ổ cứng gắn trong WD Digital 500gb3.5""",Phụ kiện
P-628,Vỏ máy tính Segotep AP911,Phụ kiện
P-629,Phần mềm SYMC ENDPOINT PROTECTION 14 PER USER RENEWAL ESSENTIAL 12 MONTHS EXPRESS BAND C,Phần mềm
P-630,Phần mềm ứng dụng Office 365 Business- 12 months,Phần mềm
P-631,phần mềm Creative Cloud for teams All Apps ALL Multiple Platforms Multi Asian Languages Team Licensing Subscription Renewal 12 months,Phần mềm
P-632,phần mềm Photoshop CC for team ALL Multiple Platforms Multi Asian Languages Team Licensing Subscription New 12 months,Phần mềm
P-633,Bộ chuyển đổi HDMI sang VGA Ugreen (40212),Phụ kiện
P-634,Phần mềm OpenKM Cloud,Phần mềm
P-635,Phần mềm Sophos 1 Year Endpoint Protection Standard,Phần mềm
P-636,Phần mềm OneDriveforBsnssPlan1Open ShrdSvr SNGL SubsVL OLP NL Annual Qlfd,Phần mềm
P-637,Chuột máy tính Fuhlen L102,Phụ kiện
P-638,Phần mềm Maya Commercial Single-user Quarterly Subscription Renewal,Phần mềm
P-639,Phần mềm 3ds Max Commercial Single-user Quarterly Subscription Renewal,Phần mềm
P-640,Phần mềm Teamstudio CIAO! Client,Phần mềm
P-641,"Phần mềm Endpoint Encryption, Renewal Software Maintenance, 1-24 Devices 1 YR",Phần mềm
P-642,Phí sử dụng phần mềm Exchange Online Kiosk -12 months,Phần mềm
P-643,phần mềm ESET Endpoint protection Advanced 1 year,Phần mềm
P-644,"MÁY TÍNH Lenovo V520S-08IKL DESKTOP G4560 4GB Lenovo V520 sff/ INTEL PENTIUM g4560 3.5G 2G; MEMORY/4GB DDR4 2400 UDIMM/ 500GB 7200 rpm 3.5"" SATA3  HDD/USB mouse/ DOS/ 1Y-",Máy tính
P-645,"Phần mềm Brava! Desktop. LIMITED CAD + image, All features (1 year maintenance)",Phần mềm
P-646,Chuột quang Logitech M105 Black USB (LOGITECH-M105),Phụ kiện
P-647,Phần mềm Prjct 2013 SNGL OLP NL (076-05334),Phần mềm
P-648,Phần mềm SYMC ENDPOINT PROTECTION 12.1 PER USER BNDL STD LIC EXPRESS BAND B ESSENTIAL 36 MONTHS,Phần mềm
P-649,Phần mềm SYMC ENDPOINT PROTECTION 12.1 PER USER BNDL STD LIC EXPRESS BAND C ESSENTIAL 12 MONTHS (0E7IOZF0-EI1EC),Phần mềm
P-650,Phần mềm SYMC ENDPOINT PROTECTION 12.1 PER USER RENEWAL ESSENTIAL 12 MONTHS EXPRESS BAND C,Phần mềm
P-651,Phần mềm Kaspersky Endpoint Security for Business - Select (3 Year),Phần mềm
P-652,Phần mềm Norton Antivirus 2012(NAV2012),Phần mềm
P-653,Phần mềm IP-Guard v3 Additional 10 agents with 11 modules,Phần mềm
P-654,Chuột Logitech M100R,Phụ kiện
P-655,Phần mềm Winrar 50-99 u,Phần mềm
P-656,Phần mềm IP-Guard v3 10 agents with 11 modules,Phần mềm
P-657,Phần mềm Từ điển Việt Nhật mtdJVN,Phần mềm
P-658,Phần mềm SYMC ENDPOINT PROTECTION 12.1 PER USER BNDL STD LIC ACAD BAND A ESSENTIAL 12 MONTHS,Phần mềm
P-659,"Máy tính chủ HP DL 380 G9 CTO 2xE5-2660V3(2.6GHz/10Core/25Mb, 256Gb Ram(16x16Gb)2x300Gb HDD, DVDRW, SAP440ar/2Gb, 560FLR Adptr, Nic 331i, 2x82EFC,SB, Rail Kit, 2x800W PS, DP On-line Bk for WindowsE-LTU, Rack 2U, 3Y WTY_719064-B21",Máy tính
P-660,"Tủ ắc-quy gắn ngoài cho ITA, 2U",Phụ kiện
P-661,Phần mềm IP-Guard v3 Maintenance Renewal,Phần mềm
P-662,"Bộ chuyển mạch HP Switch 1410-24G, HP WTY_91960089_J9561A",Phụ kiện
P-663,Phần mềm Veeam Backup & Replication Standard for VMware,Phần mềm
P-664,"Phần mềm 24/7 maintenance uplift, Veeam Backup & Replication Standard for VMware – ONE year",Phần mềm
P-665,Phần mềm Win Pro 10 SNGL Upgrd OLP NL FQC-09525,Phần mềm
P-666,Phần mềm WinSvrSTDCore 2016 SNGL OLP 2Lic NL CoreLic,Phần mềm
P-667,Phần mềm Solid Converter v9,Phần mềm
P-668,Phần mềm Microsoft WinRmtDsktpSrvcsCAL 2016 SNGL OLP NL UsrCAL,Phần mềm
P-669,Phần mềm IP-Guard agents with 11 modules,Phần mềm
P-670,Phần mềm SYMC ENDPOINT PROTECTION 14 PER USER BNDL STD LIC EXPRESS BAND B ESSENTIAL 12 MONTHS,Phần mềm
P-671, Phần mềm MtdEVA-Từ điển Lạc Việt (vĩnh viễn)+ chuyên ngành tài chính ngân hàng,Phần mềm
P-672,Phần mềm PhpStorm - Commercial annual subcription,Phần mềm
P-673,"phần mềm Protection Engine for Cloud Services, License, ACD-GOV 50-99 Users",Phần mềm
P-674,"phần mềm Protection Engine for Cloud Services, Initial Software Maintenance,ACD-GOV 50-99 Users 1 YR",Phần mềm
P-675,Phần mềm SYMC ENDPOINT PROTECTION 14 PER USER RENEWAL ESSENTIAL 12 MONTHS EXPRESS BAND E,Phần mềm
P-676,Phần mềm ESET Endpoint Protection Standard 1 year,Phần mềm
P-677,Phần mềm Kaspersky Endpoint Security For Business-Select(Base),Phần mềm
P-678,MtdEVA-Từ điển Lạc Việt Anh Việt - Việt Anh:10-100 users,Phụ kiện
P-679,phần mềm SYMC ENDPOINT PROTECTION 14 PER USER BNDL STD LIC EXPRESS BAND A ESSENTIAL 60 MONTHS,Phần mềm
P-680,Phần mềm Photoshop CC for teams ALL Multiple Platforms Multi Asian Languages Team Licensing Subscription Renewal- 12 months,Phần mềm
P-681,"Phần mềm máy tính / IBM Mail Dual Entitlement plus Applications Authorized User per Month (Authorized User) IBM
D1HY5LL
D1HY6LL (Free)",Phần mềm
P-682,Phần mềm SfBOnlnP2Open ShrdSvr SNGL SubsVL OLP NL Annual Qlfd,Phần mềm
P-683,Phần mềm SYMC PROTECTION SUITE ENTERPRISE EDITION 5.0 PER USER RENEWAL ESSENTIAL 12 MONTHS EXPRESS BAND F,Phần mềm
P-684,phần mềm IP- Guard v3 Maitenance renewal agent with 11 modules,Phần mềm
P-685,Phần mềm Illustrator CC ALL Multiple Platforms Multi Asian Languages Licensing Subscription 12 months,Phần mềm
P-686,Phần mềm Kaspersky Endpoint Security for Business – Select,Phần mềm
P-687,Phần mềm Foxit PhantomPDF Business 8,Phần mềm
P-688,Phần mềm ứng dụng Office 365 Business- 3 months,Phần mềm
P-689,Phần mềm Illustrator CC for teams ALL  Multiple Platforms Multi Asian Languages Team Licensing Subscription New 12 months,Phần mềm
P-690,Phần mềm Photoshop CC for teams ALL  Multiple Platforms Multi Asian Languages Team Licensing Subscription New 12 months,Phần mềm
P-691,Phần mềm Acrobat Pro DC for teams ALL Multiple Platforms Multi Asian Languages Team Licensing Subscription New 12 months,Phần mềm
P-692,Phần mềm SYMC ENDPOINT PROTECTION 14 PER USER RENEWAL ESSENTIAL 12 MONTHS EXPRESS BAND B,Phần mềm
P-693,Phần mềm NXPowerLite Desktop 7 – 1 user,Phần mềm
P-694,Dịch vụ gia hạn duy trì phần mềm Trend Micro Enterprise Security for Endpoints - Standard - 01 năm,Phần mềm
P-695,Gia hạn phần mềm Mcafee (MFE EP Threat Protection 1Yr BZ [P+]),Phần mềm
P-696,Phần mềm Autodesk AutoCAD Mechanical 2018 Commercial New Multi-user ELD Annual Subscription SPZD,Phần mềm
P-697,"Phần mềm Trend Micro Worry Free Business Security Standard, NEW",Phần mềm
P-698,Phần mềm SQLSvrStdCore SNGL LicSAPk OLP 2Lic NL CoreLic Qlfd,Phần mềm
P-699,Phần mềm Microsoft WinSvrDCCore 2016 SNGL OLP 2Lic NL CoreLic Qlfd,Phần mềm
P-700,Phần mềm SQLCAL 2017 SNGL OLP NL DvcCAL,Phần mềm
P-701,Chuột vi tính Fuhlen X102S,Phụ kiện
P-702,Phần mềm MFE Complete EP Bus P:3BZ[P+]CompUPGD,Phần mềm
P-703,Phần mềm Veeam Agent licensed by Workstation 1 Year Subscription Upfront Billing License & Production (24/7) Support,Phần mềm
P-704,"Phần mềm Endpoint Protection, Renewal Software Maintenance, 25-49 Devices 1 YR",Phần mềm
P-705,phần mềm Annual Basic Maintenance Renewal Expired - Veeam Backup & Replication Enterprise for VMware,Phần mềm
P-706,phần mềm Annual Basic Maintenance Renewal  - Veeam Backup & Replication Enterprise for VMware,Phần mềm
P-707,Phần mềm 1 Additional year ò Production ( 24/7) maintenance prepaaid for Veeam Backup & Replication Enterprise,Phần mềm
P-708,"Phần mềm 24/7 maintenance uplift, Veeam Backup & Replication Standard for VMware – ONE month",Phần mềm
P-709,Phần mềm Kaspersky Endpoint Security for Business - Select (Public Sector) - NEW 3 Years - KES-SELECT,Phần mềm
P-710,Camera quan sát VP3402,Phụ kiện
P-711,Phần mềm WIN HOME 10 WIN32 ENG INTL 1pk DSP OEI DVD KW9-00185,Phần mềm
P-712,MFE Complete EP Protect Bus P:1 BZ [P+],Phụ kiện
P-713,Phí sử dụng phần mềm Exchange Online (Plan 1) - 7 months,Phần mềm
P-714,Phần mềm sao lưu Acronis: Acronis Backup 12.5 Advanced Server License (A1WYLPZZS),Phần mềm
P-715,Phần mềm sao lưu Acronis : Acronis Backup 12.5 Advanced Virtual Host License (V2HNLPZZS),Phần mềm
P-716,Phần mềm Trend Micro Enterprise Security for Endpoints - Standard - 01 năm – ADD-ON,Phần mềm
P-717,Phần mềm MFE EP Threat Protection P:1 BZ [P+],Phần mềm
P-718,"Phần mềm Endpoint Protection, Initial",Phần mềm
P-719,Phần mềm ESET Endpoint Protection Standard 3 year,Phần mềm
P-720,"Phần mềm Dropbox Business Standard - new subscription, 1 year",Phần mềm
P-721,"Endpoint Protection, Renewal Software Maintenance, 250-499 Devices 1 YR",Phụ kiện
P-722,Phần mềm Illustrator CC ALL Multiple Platforms Multi Asian Languages Licensing Subscription Renewal 12 months - 65270548BA02A12,Phần mềm
P-723,Phần mềm SharePointStdCAL 2016 SNGL OLP NL UsrCAL,Phần mềm
P-724,Phí sử dụng phần mềm Office 365 Business essential -6 months,Phần mềm
P-725,Phần mềm Illustrator CC for teams  ALL Multiple Platforms Multi Asian Languages Team Licensing Subscription Renewal - 12 Months (65270548BA14A12),Phần mềm
P-726,Phần mềm Acrobat Pro DC for teams ALL Multiple Platforms Multi Asian Languages Team Licensing Subscription Renewal- 12 Months (65233373BA14A12),Phần mềm
P-727,Phần mềm 3ds Max Commercial Maintenance Plan (1 year) (Renewal),Phần mềm
P-728,Phần mềm Foxit PhantomPDF Business,Phần mềm
P-729,Phần mềm Acrobat Pro 2017 Multiple Platforms International English AOO License,Phần mềm
P-730,Máy in Kim Epson LQ-310,Phụ kiện
P-731,Máy in Laser đen trắng Canon LBP 3300(FT) (CANON-LBP3300),Phụ kiện
P-732,Thiết bị phát sóng Wifi Cisco Aironet AIR-SAP2602E-E-K9,Phụ kiện
P-733,Bộ bàn phím chuột Logitech MK200,Phụ kiện
P-734,Dịch vụ phần mềm Production Support/Subscription VMWare vRealize Operrations 6 Standard (25 VM Pack) for 1 year_VR6-OSTD25-P-SSS-C,Phần mềm
P-735,Phần mềm Production Support Coverage VMware vSphere 6 Enterprise Plus for 1 processor,Phần mềm
P-736,Phần mềm ESET Secure Business,Phần mềm
P-737,Phần mềm ESET Mail Security for Microsoft Exchange Server ( Buy new - 1 year ),Phần mềm
P-738,Phần mềm Basic Support/Subscription VMwave vSphere 6 Enterprise for 1 processor for 1 year ( 01 month),Phần mềm
P-739,Phần mềm Production Support/Subscription for vCenter Server 6 Standard for vSphere 6 for 1 Year,Phần mềm
P-740,Phần mềm VMware vCloud Suite 7 Standard,Phần mềm
P-741,Dịch vụ phần mềm Production Support/Subscripton VMware vCloud Suite 7 Standard for 1 year,Phần mềm
P-742,Phần mềm quản trị máy chủ,Phần mềm
P-743,Bộ nhớ trong Kingston 2GB R3-1600U11,Phụ kiện
P-744,Phần mềm Think-cell,Phần mềm
P-745,Sửa máy chấm công,Phụ kiện
P-746,Phần mềm SYMC ENDPOINT PROTECTION 14 PER USER RENEWAL ESSENTIAL 12 MONTHS ACAD BAND A,Phần mềm
P-747,Ổ cứng SSD Kingston SA400S37/240G,Phụ kiện
P-748,Phần mềm Production Support/Subscription VMware vSphere 6 with Operations Management Enterprise Plus for 3 years,Phần mềm
P-749,Phần mềm SYMC ENDPOINT PROTECTION 14 PER USER BNDL STD LIC EXPRESS BAND D ESSENTIAL 36 MONTHS,Phần mềm
P-750,Phần mềm SYMC ENDPOINT PROTECTION 14 PER USER BNDL STD LIC EXPRESS BAND D ESSENTIAL 12 MONTHS,Phần mềm
P-751,Đầu nối dây cáp mạng máy vi tính (P/N: 6-2111989-3),Phụ kiện
P-752,"phần mềm 24/7 maintenance uplift, Veeam Availability Suite Enterprise for VMware – ONE year",Phần mềm
P-753,"Phần mềm Endpoint Protection, Renewal Software Maintenance, 50-99 Devices 1 YR",Phần mềm
P-754,"Phần mềm Endpoint Protection, License, 1-24 Devices",Phần mềm
P-755,"Phần mềm Endpoint Protection, Initial Software Maintenance, 1-24 Devices 1 YR",Phần mềm
P-756,"Bộ lưu điện công suất 3000VA, điện áp 230V_SRT3000XLI",Phụ kiện
P-757,"Ổ cứng Western SSD 240GB sata3, màu xanh-Green(WDS240G1G0A)",Phụ kiện
P-758,"Máy tính để bàn HP Pavilion 570-p078l / Intel Core i7-7700 (3.6GHz, 8MB)/ 16GB RAM DDR4/ 1TB HDD/ DVDRW/ NVidia GT730 2GB G5 Graphics/ Wlan bgn+BT/ USB Mouse & Key/ FreeDos/ 1Y WTY",Máy tính
P-759,Dây tín hiệu VGA LCD 3m YC504,Phụ kiện
P-760,Phần mềm ExchgStdCAL 2016 SNGL OLP NL DvcCAL,Phần mềm
P-761,Phần mềm Foxit PhantomPDF Standard 7,Phần mềm
P-762,Phần mềm SQLCAL 2014 SNGL OLP NL DvcCAL (359-06096),Phần mềm
P-763,Phần mềm Microsoft ExchgStdCAL 2013 SNGL OLP NL UsrCAL_381-04315,Phần mềm
P-764,Phần mềm Win HmBasic 7 SP1 x32 English SEA 1pk DSP OEI (F2C-01534),Phần mềm
P-765,ESET ENDPOINT Antivirus (EPAV-U9),Phụ kiện
P-766,Phần mềm Trend Micro Enterprise Security for Endpoint-Standard,Phần mềm
P-767,Phần mềm SYMC ENDPOINT PROTECTION 12.1 PER USER BNDL STD LIC EXPRESS BAND B ESSENTIAL 12 MONTHS (0E7IOZF0-EI1EB),Phần mềm
P-768,Phần mềm OfficeProPlus 2016 SNGL OLP NL Acdmc,Phần mềm
P-769,Phần mềm Eset Antivirus ( renew - 01 year),Phần mềm
P-770,Phần mềm Update From AddOn Channel 10 to 11,Phần mềm
P-771,Phần mềm SYMC ENDPOINT PROTECTION 12.1 PER USER BNDL COMP UG LIC ACAD BAND A ESSENTIAL 12 MONTHS,Phần mềm
P-772,MFE Complete Data Prtxn P:1Gold [P+],Phụ kiện
P-773,Phần mềm USB Flash Security #,Phần mềm
P-774,Phần mềm Kaspersky Enpoint Security for Business - Select (New),Phần mềm
P-775,Phần mềm Bitdefender GravityZone Business Security (Renewal),Phần mềm
P-776,"Kaspersky Security for Virtualization, Core (PL)",Phụ kiện
P-777,Phần mềm O365ProPlusOpen ShrdSvr SNGL SubsVL OLP NL Annual Qlfd,Phần mềm
P-778,Dịch vụ gia hạn phần mềm Trend Micro Enterprise Security for Endpoints - Standard,Phần mềm
P-779,Phần mềm ESET Endpoint Protection Advanced 2001-RN-1Y,Phần mềm
P-780,Phần mềm Upgrade - KeyShot 7 HD to Enterprise,Phần mềm
P-781,Máy tính để bàn Dell Vostro 3268ST_9C32X11,Máy tính
P-782,Phần mềm Photoshop CC for teams ALL Multiple Platforms Multi Asian Languages Team Licensing Subscription New 12 months,Phần mềm
P-783,Phần mềm IntelliJ IDEA Ultimate Commercial annual subscription (1 Year),Phần mềm
P-784,Phần mềm G Suite Basic 1 Year,Phần mềm
P-785,"Phần mềm Endpoint Protection, Initial Subscription License with Support, 25-49 Devices 1 YR",Phần mềm
P-786,Phần mềm 3ds Max Commercial Single-user Annual Subscription Renewal (1 Year),Phần mềm
P-787,Phần mềm AutoCAD LT 2019 Commercial New Single-user ELD Annual Subscription (057K1-WW8695-T548),Phần mềm
P-788,Phần mềm AutoCAD LT Commercial Single-user Annual Subscription Renewal ( 057I1-009704-T385),Phần mềm
P-789,Phí Kỹ Thuật,Phụ kiện
P-790,Phần mềm Microsoft Office 365 Personal English 1YR P4 (QQ2-00807),Phần mềm
P-791,Phần mềm hỗ trợ download,Phần mềm
P-792,"Phần mềm Endpoint Protection, Renewal Software Maintenance, 100-249 Devices 1 YR",Phần mềm
P-793,Phần mềm Illustrator CC for teams ALL Multiple Platforms Multi Asian Languages  Team Licensing Subscription New- 12 months (65297605BA01A12),Phần mềm
P-794,Phần mềm Microsoft Office 365 Home English 1 YR P4(6GQ-00968),Phần mềm
P-795,"Giấy chứng nhận dịch vụ bảo hành phần mềm Citrix: Renew for Citrix Virtual Apps Advanced Edition S/N: LA-0002090929-96024, Service Level: Select, New Service Start Date: 01/04/2019, New Service End Date: 31/03/2020 ",Phần mềm
P-796,"Giấy chứng nhận dịch vụ bảo hành phần mềm Citrix: Renew for Citrix Virtual Apps Advanced Edition S/N: LA-0002418634-66011, Service Level: Select, New Service Start Date: 22/03/2019, New Service End Date: 31/03/2020",Phần mềm
P-797,"Giấy chứng nhận dịch vụ bảo hành phần mềm Citrix: Renew for Citrix Virtual Apps Advanced Edition S/N: LA-0002421281-14662, Service Level: Select, New Service Start Date: 20/06/2019, New Service End Date: 31/03/2020",Phần mềm
P-798,Phần mềm Microsoft Office Home and Business 2019 English APAC EM Medialess (T5D-03249),Phần mềm
P-799,Phần mềm Trend Micro Internet Security,Phần mềm
,,
,,
,,
,,
,,
,,
,,
,,
,,
,,
,,
,,
,,
,,
,,
,,
,,
,,
,,
,,
,,
,,
,,
,,
,,
,,
,,
,,
,,
,,
,,
,,
,,
,,
,,
,,
,,
,,
,,
,,
,,
,,
,,
,,
,,
,,
,,
,,
,,
,,
,,
,,
,,
,,
,,
,,
,,
,,
,,
,,
,,
,,
,,
,,
,,
,,
,,
,,
,,
,,
,,
,,
,,
,,
,,
,,
,,
,,
,,
,,
,,
,,
,,
,,
,,
,,
,,
,,
,,
,,
,,
,,
,,
,,
,,
,,
,,
,,
,,
,,
,,
,,
,,
,,
,,
,,
,,
,,
,,
,,
,,
,,
,,
,,
,,
,,
,,
,,
,,
,,
,,
,,
,,
,,
,,
,,
,,
,,
,,
,,
,,
,,
,,
,,
,,
,,
,,
,,
,,
,,
,,
,,
,,
,,
,,
,,
,,
,,
,,
,,
,,
,,
,,
,,
,,
,,
,,
,,
,,
,,
,,
,,
,,
,,
,,
,,
,,
,,
,,
,,
,,
,,
,,
,,
,,
,,
,,
,,
,,
,,
,,
,,
,,
,,
,,
,,
,,
,,
,,
,,
,,
,,
,,
,,
,,
,,
,,
,,
,,
,,
